,street_address,counts
447,816 N LOCKWOOD AVE,7
264,2860 N BROADWAY,5
324,6526 S KIMBARK AVE,5
250,2483 N CLARK ST,5
114,646 W WILSON DR,4
771,3147 W POLK ST,4
234,2485 N CLARK ST,4
411,3131 S MORGAN ST,4
158,1615 W CORNELIA AVE,3
701,9554 S FOREST AVE,3
445,6437 S RHODES AVE,3
8,4702 S KILDARE AVE,3
186,2310 S DRAKE AVE,3
57,4708 S KILDARE AVE,3
186,4833 W WILSON AVE,3
151,9231 S WABASH AVE,3
16,1041 E 43RD ST,3
511,5443 S UNION AVE,3
36,2829 N MONITOR AVE,3
95,8449 S GILBERT CT,3
259,5630 W WAVELAND AVE,3
216,2332 W ARMITAGE AVE,3
358,8829 S MICHIGAN AVE,3
770,4048 N MOZART ST,3
135,3900 W HAYFORD ST,3
218,2710 W 37TH PL,3
594,7935 S COLES AVE,3
401,7755 S MARYLAND AVE,3
115,5149 S CENTRAL AVE,3
128,2714 W 21ST ST,2
102,6300 W PATTERSON AVE,2
844,6954 S YALE AVE,2
845,2723 W 18TH ST,2
136,1200 N ASHLAND AVE,2
132,6501 S JUSTINE ST,2
485,131 S SANGAMON ST,2
241,2508 N LOCKWOOD AVE,2
752,5115 S PULASKI RD,2
126,6523 S JUSTINE ST,2
79,8000 S PARNELL AVE,2
227,7312 S WOLCOTT AVE,2
687,4817 S WOLCOTT AVE,2
226,7319 S ARTESIAN AVE,2
181,217 E 134TH ST,2
300,1023 N SPRINGFIELD AVE,2
458,3412 W MONTROSE AVE,2
182,2101 W SUNNYSIDE AVE,2
369,9347 S UNIVERSITY AVE,2
183,1600 N ASHLAND AVE,2
840,4008 W 60TH ST,2
276,3644 N KIMBALL AVE,2
75,1910 N MILWAUKEE AVE,2
71,2550 N KIMBALL AVE,2
96,4929 N TRIPP AVE,2
213,6540 S SANGAMON ST,2
203,6741 S WABASH AVE,2
107,10300 S MICHIGAN AVE,2
793,7955 S COLES AVE,2
519,912 W 87TH ST,2
871,2501 W LAWRENCE AVE,2
524,8710 S HOLLAND RD,2
771,5037 W CRYSTAL ST,2
580,6220 S ABERDEEN ST,2
190,3538 S ASHLAND AVE,2
769,7353 S ABERDEEN ST,2
351,1200 N CENTRAL AVE,2
790,60 E 104TH ST,2
23,2825 N MONITOR AVE,2
764,4352 W 47TH ST,2
33,825 S BELL AVE,2
753,1636 N CICERO AVE,2
30,9017 S BURLEY AVE,2
805,5251 S DAMEN AVE,2
791,4131 N BERNARD ST,2
545,9029 S PAXTON AVE,2
56,4719 S KOLIN AVE,2
312,4317 W LEXINGTON ST,2
833,7465 S SOUTH SHORE DR,2
136,2945 W 85TH ST,2
63,3024 N LARAMIE AVE,2
492,1314 W WRIGHTWOOD AVE,2
117,1548 W EDGEWATER AVE,2
157,3134 W BELMONT AVE,2
346,7859 S COLES AVE,2
354,8738 S WABASH AVE,2
150,6317 S HAMILTON AVE,2
155,7435 S KENWOOD AVE,2
798,7401 S INDIANA AVE,2
170,3254 W 64TH ST,2
192,13526 S BUFFALO AVE,2
65,700 W 93RD ST,2
781,6429 S ABERDEEN ST,2
294,6100 S ALBANY AVE,2
277,6337 S HERMITAGE AVE,2
37,6214 S VERNON AVE,2
54,5940 S LA SALLE ST,2
607,243 W SWANN ST,2
403,1640 N CICERO AVE,2
280,8229 S JUSTINE ST,2
419,328 W 102ND PL,2
922,5938 W FULLERTON AVE,2
940,6029 S LAFLIN ST,2
385,4718 S KILDARE AVE,2
487,2247 W 71ST ST,2
326,5805 W OHIO ST,2
325,2333 N CLEVELAND AVE,2
970,538 W DIVERSEY PKWY,2
976,10115 S INDIANA AVE,2
276,3200 W PETERSON AVE,2
352,3311 W 26TH ST,2
436,748 S KILBOURN AVE,2
616,5800 W HIGGINS AVE,2
950,5418 N PAULINA ST,2
152,4216 W 87TH ST,2
952,5839 S MERRIMAC AVE,2
954,7916 S MUSKEGON AVE,2
642,5529 S MOODY AVE,2
527,2018 N CLARK ST,2
274,6000 S COTTAGE GROVE AVE,2
942,1265 W 71ST ST,2
738,3400 N DAMEN AVE,2
945,6752 S LANGLEY AVE,2
399,642 N LECLAIRE AVE,2
943,8026 S BRANDON AVE,2
467,6500 S PEORIA ST,2
150,4316 N CENTRAL PARK AVE,2
418,4418 W 61ST ST,2
704,606 W 48TH PL,2
254,1231 N HARDING AVE,2
286,1417 E 71ST ST,2
16,8001 S SAGINAW AVE,2
506,1222 W 72ND PL,2
290,8238 S HOUSTON AVE,2
677,808 W ARMITAGE AVE,2
990,38 W 77TH PL,2
974,3746 W 61ST PL,2
288,6756 S ELIZABETH ST,2
321,2243 S CENTRAL PARK AVE,2
288,4160 S WENTWORTH AVE,2
973,3744 W 61ST PL,2
671,448 W ST JAMES PL,2
969,8610 S MARSHFIELD AVE,2
98,2748 W NELSON ST,2
78,9008 S WOODLAWN AVE,2
980,8243 S ST LAWRENCE AVE,2
107,1808 S THROOP ST,2
8,7531 S COLFAX AVE,2
18,2254 S CALIFORNIA AVE,2
60,5116 N KILBOURN AVE,2
319,525 W EUGENIE ST,2
139,6831 W THORNDALE AVE,2
320,1327 E 72ND ST,2
61,5800 W LAWRENCE AVE,2
453,6359 S HERMITAGE AVE,2
581,1200 W WELLINGTON AVE,1
582,3054 S LOCK ST,1
630,6247 W 63RD ST,1
576,4656 S PAULINA ST,1
578,55 W JACKSON BLVD,1
629,4441 W 59TH ST,1
628,5954 W ARTHINGTON ST,1
627,1600 W 64TH ST,1
577,10157 S SPRINGFIELD AVE,1
579,1600 N HALSTED ST,1
625,4446 N KENTON AVE,1
624,8599 S CHRISTIANA AVE,1
623,3000 N HALSTED ST,1
583,6435 S MARYLAND AVE,1
580,3600 N OAK PARK AVE,1
592,5465 N KEDZIE AVE,1
584,2443 W 100TH ST,1
604,3534 N KARLOV AVE,1
616,1100 S MENARD AVE,1
599,7001 W MEDILL AVE,1
600,6755 S RIDGELAND AVE,1
601,10142 S AVENUE J,1
602,1520 W DIVISION ST,1
615,5721 W WINDSOR AVE,1
603,1601 W 111TH ST,1
614,1147 W 103RD ST,1
585,158 W SCHILLER ST,1
606,2318 N CICERO AVE,1
607,5900 S KARLOV AVE,1
608,3800 N MELVINA AVE,1
613,1814 N HERMITAGE AVE,1
612,800 N SACRAMENTO BLVD,1
609,9700 S AVENUE M,1
610,9723 S INGLESIDE AVE,1
598,10800 S THROOP ST,1
597,3100 W 109TH ST,1
596,301 S WESTERN AVE,1
617,6200 W CUYLER AVE,1
586,10006 S SANGAMON ST,1
587,539 E 43RD ST,1
622,1558 N KEDZIE AVE,1
588,6173 N DAMEN AVE,1
589,4006 W ANN LURIE PL,1
590,3449 W 82ND PL,1
591,1900 N SPRINGFIELD AVE,1
611,5639 W CARMEN AVE,1
593,5818 W ERIE ST,1
621,5303 N CLARK ST,1
620,4779 S ARCHER AVE,1
619,8600 S CICERO AVE,1
618,2401 W HOWARD ST,1
594,1218 W FULLERTON AVE,1
595,627 W MELROSE ST,1
605,640 W BELDEN AVE,1
0,398 N KEELER AVE,1
575,4300 W BRYN MAWR AVE,1
506,515 W 71ST ST,1
495,10700 S MORGAN ST,1
496,6000 N NAPER AVE,1
497,7249 N ODELL AVE,1
498,8500 S COMMERCIAL AVE,1
499,2200 N JANSSEN AVE,1
500,5140 S LA CROSSE AVE,1
501,4120 N MONTICELLO AVE,1
502,5535 S HERMITAGE AVE,1
503,5148 S MOZART ST,1
504,7773 S KARLOV AVE,1
505,1300 W 92ND ST,1
507,3952 N LAVERGNE AVE,1
574,400 N FRANKLIN ST,1
508,3200 N HAMLIN AVE,1
509,1199 W LOYOLA AVE,1
510,10501 S KEDZIE AVE,1
511,3836 N OCTAVIA AVE,1
512,832 E 73RD ST,1
513,2358 W 47TH ST,1
514,8100 S PRINCETON AVE,1
515,5615 N SACRAMENTO AVE,1
516,5908 N RIDGE AVE,1
517,2021 W DIVERSEY PKWY,1
518,800 W 91ST ST,1
494,4036 W 57TH ST,1
493,2944 N ALLEN AVE,1
492,7507 W FOSTER AVE,1
491,7000 N OLEANDER AVE,1
468,3651 N DAMEN AVE,1
469,4700 N HARDING AVE,1
470,4100 W VICTORIA ST,1
471,1401 W 47TH ST,1
472,5646 S HARPER AVE,1
473,5147 S PARKSIDE AVE,1
474,3000 S ARCHER AVE,1
475,2000 E 72ND PL,1
476,3251 N BROADWAY,1
477,2701 S SPAULDING AVE,1
478,8300 S ST LOUIS AVE,1
479,10916 S MACKINAW AVE,1
480,3945 W ALTGELD ST,1
481,5946 N INDIAN RD,1
482,1400 W OHIO ST,1
483,1815 N CLYBOURN AVE,1
484,7500 S STONY ISLAND AVE,1
485,10500 S DRAKE AVE,1
486,5457 S HAMLIN AVE,1
487,912 W CULLOM AVE,1
488,3700 W LE MOYNE ST,1
489,4612 W 59TH ST,1
490,4900 W FLETCHER ST,1
519,662 W OAKDALE AVE,1
520,7014 S MORGAN ST,1
521,5500 S COTTAGE GROVE AVE,1
549,1952 W DEVON AVE,1
551,2347 S KENNETH AVE,1
552,12125 S UNION AVE,1
631,4900 W BARRY AVE,1
554,131 N CENTRAL AVE,1
555,399 E CHICAGO AVE,1
556,3350 S KEDZIE AVE,1
557,9126 S LEAVITT ST,1
558,2555 S PULASKI RD,1
559,6556 S KOSTNER AVE,1
560,308 N DESPLAINES ST,1
561,227 N ASHLAND AVE,1
562,4306 S MICHIGAN AVE,1
563,3417 W HOLLYWOOD AVE,1
564,5949 N ODELL AVE,1
565,5101 S UNION AVE,1
566,6900 W CARMEN AVE,1
567,2301 S DR MARTIN LUTHER KING JR DR,1
568,1400 N LUIS MUNOZ MARIN DR,1
569,6600 S ASHLAND AVE,1
570,2819 W BYRON ST,1
571,6422 N PAULINA ST,1
572,1838 W GRANVILLE AVE,1
573,8001 S KEDZIE AVE,1
550,5922 W 59TH ST,1
548,5329 W SCHOOL ST,1
522,2506 W CERMAK RD,1
547,10 W HURON ST,1
523,11347 S MILLARD AVE,1
524,200 S ALBANY AVE,1
525,8059 S CHRISTIANA AVE,1
526,1700 E 79TH ST,1
527,13000 S TORRENCE AVE,1
528,7243 S UNION AVE,1
529,1501 W BLACKHAWK ST,1
530,1031 W ARCADE PL,1
531,6399 N BROADWAY,1
532,740 W GRACE ST,1
533,5900 N LEONARD AVE,1
534,7000 S CICERO AVE,1
535,6809 N SHERIDAN RD,1
536,2453 W LOGAN BLVD,1
537,3410 W BRYN MAWR AVE,1
538,13211 S BUFFALO AVE,1
539,5405 S KOLIN AVE,1
541,2426 S CHRISTIANA AVE,1
542,2133 E 90TH ST,1
543,1432 E 80TH ST,1
544,2326 S TRUMBULL AVE,1
545,12700 S GREEN ST,1
546,3300 S CALIFORNIA AVE,1
553,5793 N RIDGE AVE,1
665,6252 N BROADWAY,1
632,1537 W BLACKHAWK ST,1
805,3400 N MARMORA AVE,1
778,32 W 79TH ST,1
779,10600 S LONGWOOD DR,1
780,6513 S KILPATRICK AVE,1
781,5800 N RIDGE AVE,1
782,10200 S RACINE AVE,1
783,5700 S INDIANA AVE,1
784,1432 W ELMDALE AVE,1
785,3900 W PIPPIN ST,1
786,6499 N NEWARK AVE,1
787,4800 N SIMONDS DR,1
788,1526 N MOHAWK ST,1
789,2234 S HAMLIN AVE,1
790,6101 S HOMAN AVE,1
791,2725 S KEDZIE AVE,1
792,5100 S MORGAN ST,1
793,22 S MICHIGAN AVE,1
795,3956 W 44TH ST,1
796,5455 N LYNCH AVE,1
797,400 N HART ST,1
798,4332 N CENTRAL PARK AVE,1
799,1612 W LE MOYNE ST,1
800,5100 S LAPORTE AVE,1
801,2300 E 90TH ST,1
802,1100 N LOREL AVE,1
803,6024 S MEADE AVE,1
777,9524 S AVENUE N,1
776,6358 W GUNNISON ST,1
775,7357 N OKETO AVE,1
761,12601 S CARONDOLET AVE,1
749,2100 S HALSTED ST,1
750,1621 W LE MOYNE ST,1
752,8215 S SACRAMENTO AVE,1
753,7700 S ADA ST,1
754,5415 S KENNETH AVE,1
755,50 N DEARBORN ST,1
756,4856 N KRUGER AVE,1
757,6227 S KEATING AVE,1
758,6400 S STONY ISLAND AVE,1
759,12741 S MORGAN ST,1
760,11500 S FRONT AVE,1
762,3201 W DEVON AVE,1
774,3033 N HAUSSEN CT,1
763,4350 N CENTRAL PARK AVE,1
764,839 W WELLINGTON AVE,1
765,1411 N HAMLIN AVE,1
766,7300 S ASHLAND AVE,1
767,2808 N OAKLEY AVE,1
768,8400 W MONTROSE AVE,1
769,5049 N AVERS AVE,1
770,8000 W MEMORY LN,1
771,25 W ROOSEVELT RD,1
772,5102 W LAWRENCE AVE,1
773,1642 S KEDZIE AVE,1
804,4300 S CICERO AVE,1
806,1101 W SHERIDAN RD,1
633,1400 S CLINTON ST,1
807,1400 S CALIFORNIA BLVD,1
840,6000 N JERSEY AVE,1
841,6700 S PRAIRIE AVE,1
842,2926 W FITCH AVE,1
843,7100 S LAFAYETTE AVE,1
844,2736 W FITCH AVE,1
845,1848 S OAKLEY AVE,1
846,856 W ADDISON ST,1
847,4900 W OAKDALE AVE,1
848,7130 W ARMITAGE AVE,1
849,7169 N MANKATO AVE,1
850,5024 W OHIO ST,1
851,5558 W DIVERSEY AVE,1
852,1 S CENTRAL AVE,1
853,4638 N MELVINA AVE,1
854,10910 S HAMLIN AVE,1
855,6446 S KILPATRICK AVE,1
856,5100 S PAULINA ST,1
857,3001 S WESTERN AVE,1
858,9300 S HARPER AVE,1
859,3573 W CORTLAND ST,1
860,3639 W 103RD ST,1
861,3332 W 105TH PL,1
862,5826 W 54TH PL,1
863,4209 W 86TH ST,1
864,10801 S PULASKI RD,1
839,5645 W ADDISON ST,1
838,6854 S KEDVALE AVE,1
837,8300 S DREXEL AVE,1
820,2208 N SACRAMENTO AVE,1
808,6509 W 63RD ST,1
809,3746 W GIDDINGS ST,1
810,4118 S ARTESIAN AVE,1
811,5221 S NEWCASTLE AVE,1
812,10228 S LA SALLE ST,1
813,5215 N OAKVIEW AVE,1
814,3500 N LINCOLN AVE,1
815,2300 W WABANSIA AVE,1
816,329 N HOMAN AVE,1
817,3805 N DAMEN AVE,1
819,5312 S NORMANDY AVE,1
821,5935 W BELMONT AVE,1
835,561 E 104TH PL,1
822,5640 S DR MARTIN LUTHER KING JR DR,1
823,3611 W IRVING PARK RD,1
824,1400 W BELMONT AVE,1
825,8200 S COTTAGE GROVE AVE,1
827,3812 S ROCKWELL ST,1
829,2100 W DIVERSEY PKWY,1
830,3249 S KEELER AVE,1
831,11455 S AVENUE J,1
832,7545 S MAY ST,1
833,6500 S INGLESIDE AVE,1
834,1964 S RUBLE ST,1
748,5953 W CARMEN AVE,1
747,2607 N ORCHARD ST,1
746,7917 S GREEN ST,1
745,4540 N HARDING AVE,1
663,13158 S BUFFALO AVE,1
664,7 W 110TH ST,1
466,600 S JEFFERSON ST,1
666,3202 W 24TH ST,1
667,6205 N SHERIDAN RD,1
668,6916 W ARCHER AVE,1
669,8952 S MORGAN ST,1
670,5711 N RIDGE AVE,1
671,3925 N LINCOLN AVE,1
672,5937 N INDIAN RD,1
673,2601 W HADDON AVE,1
674,7230 S BLACKSTONE AVE,1
675,2417 W FILLMORE ST,1
677,2159 E HAYES DR,1
678,6100 N CLARK ST,1
679,7415 N OKETO AVE,1
680,3745 N NORDICA AVE,1
681,1800 S WESTERN AVE,1
682,10700 S AVENUE G,1
683,6225 S KEELER AVE,1
684,11056 S FAIRFIELD AVE,1
685,4835 W GRAND AVE,1
686,9101 S WESTERN AVE,1
687,4443 N LEAVITT ST,1
688,4957 W CARMEN AVE,1
662,2300 S WESTERN AVE,1
661,5516 S MELVINA AVE,1
660,440 W LAKE ST,1
646,6777 N KEOTA AVE,1
634,2347 E 90TH ST,1
635,1301 N AUSTIN BLVD,1
636,9200 S MERRILL AVE,1
637,5400 S HALSTED ST,1
638,3019 S TROY ST,1
639,634 N CLARK ST,1
640,2300 S MICHIGAN AVE,1
641,10100 S AVENUE M,1
643,4743 N SHERIDAN RD,1
644,5801 S KENNETH AVE,1
645,3103 S CALIFORNIA AVE,1
647,1500 S ASHLAND AVE,1
659,1621 W BALMORAL AVE,1
648,10258 S EWING AVE,1
649,6333 N WAYNE AVE,1
650,2052 W CORNELIA AVE,1
651,3700 W 66TH PL,1
652,2606 W TOUHY AVE,1
653,8000 S ASHLAND AVE,1
654,971 E 40TH ST,1
655,3109 W 13TH ST,1
656,3301 S NB OUTER LAKE SHORE DR,1
657,780 W 29TH ST,1
658,5500 W GRAND AVE,1
689,9100 S EMERALD AVE,1
690,3200 N OLCOTT AVE,1
691,11114 S TROY ST,1
732,8800 S MICHIGAN AVE,1
721,9800 S UNION AVE,1
722,3638 N CLAREMONT AVE,1
723,1918 W 58TH ST,1
724,411 E 80TH ST,1
725,6509 W 61ST ST,1
726,1646 N MILWAUKEE AVE,1
727,10403 S WHIPPLE ST,1
728,2332 W 43RD ST,1
729,3654 N BELL AVE,1
730,3938 N HARLEM AVE,1
731,9528 S ASHLAND AVE,1
733,1000 S COLUMBUS DR,1
719,8236 S CALIFORNIA AVE,1
734,360 N OAKLEY BLVD,1
735,3950 N LAVERGNE AVE,1
736,1900 S FAIRFIELD AVE,1
737,7915 S GREENWOOD AVE,1
738,11500 S COTTAGE GROVE AVE,1
739,3603 W MARQUETTE RD,1
740,8459 S BUFFALO AVE,1
741,4340 N LAVERGNE AVE,1
742,3958 W 111TH ST,1
743,10641 S WOOD ST,1
744,6242 W GUNNISON ST,1
720,5304 S CICERO AVE,1
718,6144 W 59TH ST,1
692,5240 W LE MOYNE ST,1
704,10110 S GREEN ST,1
693,2641 W 68TH ST,1
694,4920 S HALSTED ST,1
695,3245 N LOCKWOOD AVE,1
696,3658 W 79TH PL,1
697,6734 N OLIPHANT AVE,1
698,5216 S KILDARE AVE,1
699,2529 W BRADLEY PL,1
700,3700 N MARMORA AVE,1
701,9300 S ASHLAND AVE,1
702,3400 W ARDMORE AVE,1
703,3600 W 110TH ST,1
705,12224 S PEORIA ST,1
717,6100 S DORCHESTER AVE,1
706,1202 E MIDWAY PLAISANCE,1
707,5451 W CHICAGO AVE,1
708,3566 W HENDERSON ST,1
709,3836 W CULLOM AVE,1
710,8952 S ESSEX AVE,1
711,6649 N OCONTO AVE,1
712,2341 S STEWART AVE,1
713,3700 W 109TH ST,1
714,10916 S GREEN ST,1
715,5426 N SHERIDAN RD,1
716,3400 N KARLOV AVE,1
467,7015 S ELIZABETH ST,1
432,3825 N CICERO AVE,1
465,4728 N ST LOUIS AVE,1
154,10130 S LONGWOOD DR,1
142,1411 W 87TH ST,1
143,6220 W 53RD ST,1
144,300 W 120TH ST,1
145,5650 S CENTRAL PARK AVE,1
146,11261 S MAY ST,1
147,2448 S PULASKI RD,1
148,4542 W 60TH ST,1
149,5400 S MOZART ST,1
150,4900 W THOMAS ST,1
151,8900 S ST LAWRENCE AVE,1
152,4226 S ARCHER AVE,1
153,7050 W DICKENS AVE,1
155,7541 S CRANDON AVE,1
227,830 W 128TH PL,1
156,8800 S JEFFERY BLVD,1
157,10821 S WOOD ST,1
158,10837 S ABERDEEN ST,1
159,2900 W 79TH ST,1
160,10900 S CENTRAL PARK AVE,1
161,7204 S MILLARD AVE,1
162,1425 W DEVON AVE,1
163,3325 N OSCEOLA AVE,1
164,4043 W PARKER AVE,1
165,2826 W PETERSON AVE,1
166,3900 N MELVINA AVE,1
167,5412 W MORSE AVE,1
141,6253 N CLARK ST,1
140,4315 N KILDARE AVE,1
139,7000 W 63RD PL,1
138,6900 N ORIOLE AVE,1
112,231 W 31ST ST,1
113,829 W ROSCOE ST,1
114,4650 N KIMBALL AVE,1
115,1602 W CONGRESS PKWY,1
116,350 W 56TH PL,1
118,12800 S PEORIA ST,1
119,2148 W TOUHY AVE,1
120,1100 S ASHLAND AVE,1
121,10716 S CALUMET AVE,1
122,6944 S SPRINGFIELD AVE,1
123,628 S CLARK ST,1
124,2600 W BRYN MAWR AVE,1
125,2210 S KEDZIE AVE,1
126,11458 S RACINE AVE,1
127,8300 S BLACKSTONE AVE,1
128,1327 W AUGUSTA BLVD,1
129,7314 S CONSTANCE AVE,1
130,4149 W IRVING PARK RD,1
131,3652 W 19TH ST,1
132,5346 N HOYNE AVE,1
133,1153 W 69TH ST,1
134,8200 S WESTERN AVE,1
135,3499 S JUSTINE ST,1
136,11007 S SPAULDING AVE,1
137,6700 S NORMAL BLVD,1
168,6200 N NEENAH AVE,1
169,4300 W ARMITAGE AVE,1
170,6199 N JERSEY AVE,1
199,4000 W CARROLL AVE,1
201,3500 W 109TH ST,1
202,2210 S MILLARD AVE,1
203,1439 W ELMDALE AVE,1
204,2021 E 76TH ST,1
205,100 W RANDOLPH ST,1
206,5200 N ASHLAND AVE,1
207,5334 N LAPORTE AVE,1
208,2700 W PETERSON AVE,1
209,3740 W 87TH ST,1
210,752 W MONTROSE AVE,1
211,1547 E 65TH ST,1
212,2200 N ASHLAND AVE,1
213,1259 W CERMAK RD,1
214,2054 N LARRABEE ST,1
215,2835 N SHEFFIELD AVE,1
216,5600 S WOLCOTT AVE,1
217,10900 S THROOP ST,1
218,2760 W 84TH ST,1
219,1900 S AVERS AVE,1
220,30 W BRAYTON ST,1
221,2130 W 78TH ST,1
222,5401 N KIMBALL AVE,1
223,5727 S FRANCISCO AVE,1
224,1300 W CERMAK RD,1
225,3447 W 76TH ST,1
200,800 W 95TH ST,1
198,616 N MAY ST,1
171,6353 S TRIPP AVE,1
197,4208 W THOMAS ST,1
172,2700 W 54TH ST,1
173,7156 W 52ND ST,1
174,1700 E 84TH ST,1
175,7424 S CLYDE AVE,1
176,4423 W ARGYLE ST,1
177,6456 N CAMPBELL AVE,1
178,161 W ROOSEVELT RD,1
179,3841 W 57TH ST,1
180,3106 N PARKSIDE AVE,1
181,5643 S MOODY AVE,1
182,10642 S LANGLEY AVE,1
183,6131 N MEADE AVE,1
184,136 E LOWER ILLINOIS ST,1
185,12302 S NORMAL AVE,1
186,5100 S SB OUTER LAKE SHORE DR,1
187,5782 N RIDGE AVE,1
188,3713 S WOLCOTT AVE,1
189,2200 W CONGRESS PKWY,1
190,4800 W CATALPA AVE,1
191,756 W 100TH ST,1
192,8000 S CLYDE AVE,1
193,1700 E 74TH ST,1
194,6100 S NATCHEZ AVE,1
195,9401 S LEAVITT ST,1
196,4442 S FRANCISCO AVE,1
111,3217 N KIMBALL AVE,1
110,6154 N DAMEN AVE,1
109,819 W 95TH ST,1
16,6300 N LEADER AVE,1
18,3432 W 105TH PL,1
19,500 E 92ND ST,1
20,5956 N KILBOURN AVE,1
21,8 E CHICAGO AVE,1
22,521 S CENTRAL AVE,1
23,3515 W IRVING PARK RD,1
24,9600 S COMMERCIAL AVE,1
25,8497 S LANGLEY AVE,1
26,4999 N MEADE AVE,1
27,4641 S ALBANY AVE,1
28,330 N WABASH AVE,1
29,1703 W CERMAK RD,1
30,2333 W IRVING PARK RD,1
31,2039 W EVERGREEN AVE,1
32,8255 S TROY ST,1
33,5900 S GREEN ST,1
34,5463 S EVERETT AVE,1
35,404 W 113TH ST,1
36,531 W 18TH ST,1
37,6023 N DAMEN AVE,1
38,10202 S LAFAYETTE AVE,1
39,1660 W MONTVALE AVE,1
40,10335 S PERRY AVE,1
41,5850 N JERSEY AVE,1
42,1543 N LEAVITT ST,1
17,2208 S SPRINGFIELD AVE,1
15,3046 S KEDZIE AVE,1
44,8600 S ESSEX AVE,1
14,5819 S KARLOV AVE,1
987,7131 S WINCHESTER AVE,1
988,451 E 63RD ST,1
989,5727 S LAFAYETTE AVE,1
991,113 W 83RD ST,1
993,6856 S CALUMET AVE,1
994,2022 W 68TH PL,1
995,7838 S LAFLIN ST,1
996,4520 S LEAMINGTON AVE,1
997,8423 S STATE ST,1
998,245 W 104TH PL,1
999,62 E 75TH ST,1
0,5712 S MOODY AVE,1
1,2500 W POLK ST,1
2,6805 S KENNETH AVE,1
3,5430 N SHERIDAN RD,1
4,1327 W 112TH ST,1
5,5958 W IRVING PARK RD,1
6,3215 N BROADWAY,1
7,5900 N INDIAN RD,1
8,3630 N HOYNE AVE,1
9,4802 N MERRIMAC AVE,1
10,11615 S STEWART AVE,1
11,951 W DIVERSEY PKWY,1
12,700 E 112TH ST,1
13,2127 S MARSHFIELD AVE,1
43,6300 S LAFLIN ST,1
45,5000 S EAST END AVE,1
108,3900 W ARTHINGTON ST,1
77,130 E 51ST ST,1
80,7336 W BALMORAL AVE,1
81,2400 E 84TH ST,1
82,342 W 111TH PL,1
83,5500 W PENSACOLA AVE,1
84,4936 S KARLOV AVE,1
85,5913 N RIDGE AVE,1
86,6151 N DAMEN AVE,1
87,1211 N LARAMIE AVE,1
88,1826 S LAKE SHORE DR,1
89,8142 S WABASH AVE,1
90,1421 W 79TH ST,1
91,10800 S AVENUE G,1
92,4039 W 47TH ST,1
93,1500 S HALSTED ST,1
94,4400 N MEADE AVE,1
95,7600 S KOSTNER AVE,1
97,5032 W THOMAS ST,1
98,2648 N ELSTON AVE,1
99,2142 S KOSTNER AVE,1
100,8400 S INDIANA AVE,1
101,7200 W GRACE ST,1
103,5805 S SAWYER AVE,1
104,8955 S ESSEX AVE,1
105,2509 W 53RD ST,1
106,4200 N MAJOR AVE,1
78,105 W 103RD ST,1
76,5807 N RIDGE AVE,1
46,661 N MAY ST,1
75,3402 W HARRISON ST,1
47,3027 W OGDEN AVE,1
48,3918 W PETERSON AVE,1
49,1620 W WALLEN AVE,1
50,5752 N DRAKE AVE,1
51,3244 E 136TH ST,1
52,9243 S BENNETT AVE,1
53,1439 N CLEVELAND AVE,1
54,2710 N MEADE AVE,1
55,8100 S KILDARE AVE,1
56,3108 N KILPATRICK AVE,1
57,8300 S HAMILTON AVE,1
58,9300 S PRAIRIE AVE,1
59,7719 W FARRAGUT AVE,1
62,11700 S CAMPBELL AVE,1
63,8699 S DREXEL AVE,1
64,4100 S WESTERN BLVD,1
66,1000 S MENARD AVE,1
67,290 E PEARSON ST,1
68,4001 N HARLEM AVE,1
69,11032 S FAIRFIELD AVE,1
70,1748 E 72ND ST,1
71,5000 N AUSTIN AVE,1
72,11655 S MAY ST,1
73,10435 S ALBANY AVE,1
74,9900 S MORGAN ST,1
226,10822 S LOOMIS ST,1
228,3507 N LAWNDALE AVE,1
464,11040 S HAMLIN AVE,1
392,1500 S KENNETH AVE,1
380,5684 N KERBS AVE,1
381,5000 W HARRISON ST,1
382,2927 N HONORE ST,1
383,4700 S ST LAWRENCE AVE,1
384,5127 N MARMORA AVE,1
385,6423 N NASHVILLE AVE,1
386,199 W 21ST ST,1
387,4022 W CULLERTON ST,1
388,6661 S STATE ST,1
389,11500 S AVENUE J,1
390,5950 W FULTON ST,1
391,1325 N WELLS ST,1
393,6808 N OVERHILL AVE,1
229,7500 S COTTAGE GROVE AVE,1
394,8300 S WESTERN AVE,1
395,8656 S KEDZIE AVE,1
396,2100 N HUMBOLDT BLVD,1
397,5600 W EASTWOOD AVE,1
398,7144 S WHIPPLE ST,1
399,216 W DIVISION ST,1
400,6232 N CAMPBELL AVE,1
401,8416 S KNOX AVE,1
402,7643 S STONY ISLAND AVE,1
403,2450 W 115TH ST,1
404,1500 E 103RD ST,1
405,4905 S LEAMINGTON AVE,1
379,3900 W OGDEN SD,1
378,2339 S ST LOUIS AVE,1
377,6241 W ROSCOE ST,1
376,3500 N NEENAH AVE,1
350,919 W ARGYLE ST,1
352,3553 W WRIGHTWOOD AVE,1
353,11719 S LAFLIN ST,1
354,11650 S STEWART AVE,1
355,1900 W PRYOR AVE,1
356,8218 S BISHOP ST,1
357,5610 N NEVA AVE,1
358,4028 S CICERO AVE,1
359,5347 S MILLARD AVE,1
360,5928 S KENNETH AVE,1
361,5300 N VIRGINIA AVE,1
362,6329 N HERMITAGE AVE,1
363,11243 S STATE ST,1
364,8039 S KEDZIE AVE,1
365,8847 S COMMERCIAL AVE,1
366,311 S ASHLAND AVE,1
367,1801 S WESTERN AVE,1
368,6000 N CICERO AVE,1
369,5700 N MENARD AVE,1
370,1516 W NELSON ST,1
371,533 N MILWAUKEE AVE,1
372,1501 W DIVERSEY PKWY,1
373,6830 N NORTHWEST HWY,1
374,9616 S FOREST AVE,1
375,2600 S MICHIGAN AVE,1
406,900 N LATROBE AVE,1
407,1700 W CHICAGO AVE,1
408,1700 N PARKSIDE AVE,1
437,6400 S LOWE AVE,1
439,7600 S EAST END AVE,1
440,3536 W 26TH ST,1
441,6232 N NEWARK AVE,1
442,1700 N NEWCASTLE AVE,1
443,915 E 56TH ST,1
444,9603 S AVENUE L,1
445,11594 S STATE ST,1
446,6400 S ASHLAND AVE,1
447,11211 S TROY ST,1
448,6452 S LAVERGNE AVE,1
449,1999 W 14TH ST,1
450,6000 N CENTRAL AVE,1
451,7829 S LANGLEY AVE,1
452,9511 S AVENUE N,1
453,328 N MORGAN ST,1
454,7500 S MAY ST,1
455,9000 S ASHLAND AVE,1
456,9747 S YATES AVE,1
457,6819 W HIGGINS AVE,1
458,6631 N ASHLAND AVE,1
459,642 N CLARK ST,1
460,1800 W DIVISION ST,1
461,3500 W 65TH PL,1
462,5756 S KOLMAR AVE,1
463,2110 W BELLE PLAINE AVE,1
438,2902 N KENOSHA AVE,1
436,4730 S WALLACE ST,1
409,1401 W CERMAK RD,1
435,5067 N WOLCOTT AVE,1
410,1121 W HOLLYWOOD AVE,1
411,6038 S KENWOOD AVE,1
412,6100 W SEMINOLE ST,1
413,2500 W POTOMAC AVE,1
414,1400 S KILBOURN AVE,1
415,300 S CALIFORNIA AVE,1
416,701 S STATE ST,1
417,1328 W ANCONA ST,1
418,2523 W COYLE AVE,1
419,2640 S SPAULDING AVE,1
420,2647 W 61ST ST,1
421,3321 N LOCKWOOD AVE,1
422,2645 N MILWAUKEE AVE,1
423,6106 N ALBANY AVE,1
424,5108 N MONT CLARE AVE,1
425,3953 W 111TH ST,1
426,5213 S KILDARE AVE,1
427,500 N WELLS ST,1
428,8600 S ANTHONY AVE,1
429,4343 N CLARENDON AVE,1
430,7100 S DAMEN AVE,1
431,209 W 101ST ST,1
866,5333 N LAPORTE AVE,1
433,7721 S NORMAL AVE,1
434,5909 N GREENVIEW AVE,1
349,6149 N MEADE AVE,1
348,516 W 128TH ST,1
347,4950 N LOCKWOOD AVE,1
257,3400 W 12TH PL,1
259,2448 W THOMAS ST,1
260,600 N KILBOURN AVE,1
261,11800 S OAKLEY AVE,1
262,2948 E 83RD PL,1
263,1491 W FARRAGUT AVE,1
264,4246 W CULLERTON ST,1
265,5207 S LOREL AVE,1
266,2101 W WALTON ST,1
267,3933 S INDIANA AVE,1
268,1742 N MOZART ST,1
269,11559 S MAY ST,1
270,2972 W ARMITAGE AVE,1
271,2740 W ADDISON ST,1
272,900 N MICHIGAN AVE,1
273,2442 W PENSACOLA AVE,1
275,6530 N WESTERN AVE,1
277,4436 N MANGO AVE,1
278,2400 W 70TH ST,1
279,5002 W IRVING PARK RD,1
280,5514 N MANGO AVE,1
281,1800 W GRACE ST,1
282,4415 S KILDARE BLVD,1
283,1650 N NATCHEZ AVE,1
284,3700 W 23RD ST,1
285,1800 N CLARK ST,1
258,954 W FULTON MARKET,1
256,1137 N HOYNE AVE,1
287,2500 S MICHIGAN AVE,1
255,3000 W TOUHY AVE,1
230,3900 N NORMANDY AVE,1
231,5042 W BYRON ST,1
232,9500 S HALSTED ST,1
233,6355 S TRIPP AVE,1
234,1921 W ADAMS ST,1
235,3700 W ARGYLE ST,1
236,1043 N LAKE SHORE DR,1
237,11100 S MARSHFIELD AVE,1
238,7146 S HARDING AVE,1
239,3450 W 23RD ST,1
240,1040 N MASON AVE,1
241,6350 W 54TH ST,1
242,53 E BENTON PL,1
243,6801 W SCHOOL ST,1
244,9535 S AVENUE M,1
245,9829 S LEAVITT ST,1
246,4102 W 76TH ST,1
247,900 E 81ST ST,1
248,3109 W BERTEAU AVE,1
249,2100 W 100TH ST,1
250,20 W 75TH ST,1
251,6022 S KEELER AVE,1
252,2400 W PETERSON AVE,1
253,800 E 64TH ST,1
254,6551 N MAPLEWOOD AVE,1
286,349 S KENNEDY IB EISENHOWER IB ER,1
289,1400 N CICERO AVE,1
346,3500 S CALIFORNIA AVE,1
319,9443 S JUSTINE ST,1
321,8456 S KOLMAR AVE,1
322,5357 N LOTUS AVE,1
323,3500 S HERMITAGE AVE,1
324,8333 S SOUTH SHORE DR,1
325,1605 N KENTON AVE,1
326,1617 W 42ND ST,1
327,1040 N PAULINA ST,1
328,4446 N MOBILE AVE,1
329,8536 W ARGYLE ST,1
330,8624 S VERNON AVE,1
331,2345 N LAVERGNE AVE,1
332,1215 W 82ND ST,1
333,7358 S WINCHESTER AVE,1
334,2333 W CERMAK RD,1
335,10619 S MAY ST,1
336,6253 W EDDY ST,1
337,4400 W NORTH AVE,1
338,2200 W 104TH ST,1
339,5208 S RIDGEWAY AVE,1
340,1514 W AINSLIE ST,1
341,2740 W LELAND AVE,1
342,163 N RACINE AVE,1
343,2300 N ASHLAND AVE,1
344,7100 S RACINE AVE,1
345,5501 N ODELL AVE,1
320,4634 N SPAULDING AVE,1
318,6106 W SEMINOLE ST,1
290,3849 W 76TH PL,1
317,6321 N OVERHILL AVE,1
291,100 W ERIE ST,1
292,4433 W AUGUSTA BLVD,1
293,840 N WABASH AVE,1
295,801 N PULASKI RD,1
296,7100 S SPRINGFIELD AVE,1
297,5900 S ABERDEEN ST,1
298,5100 W CHICAGO AVE,1
299,8100 S DREXEL AVE,1
300,647 N WASHTENAW AVE,1
301,3650 S STATE ST,1
302,2921 W BIRCHWOOD AVE,1
303,9700 S PROSPECT AVE,1
304,4300 W ARGYLE ST,1
305,1416 W ARTHUR AVE,1
306,4232 W 83RD ST,1
307,1600 N KOLMAR AVE,1
308,2500 N CLARK ST,1
309,6004 N HARLEM AVE,1
310,3611 W 114TH PL,1
311,6113 N NASSAU AVE,1
312,1554 N AVERS AVE,1
313,5143 N OAKLEY AVE,1
314,4407 N WHIPPLE ST,1
315,12132 S LOWE AVE,1
316,2800 S SPAULDING AVE,1
865,3902 N BROADWAY,1
908,7642 W BRYN MAWR AVE,1
867,1231 W NORWOOD ST,1
599,4246 S VINCENNES AVE,1
601,2324 S CALIFORNIA AVE,1
602,8912 S COMMERCIAL AVE,1
603,1227 W 72ND PL,1
604,5542 S LAFAYETTE AVE,1
605,2827 W 83RD PL,1
606,11130 S VERNON AVE,1
608,250 W 47TH ST,1
610,2438 N LOREL AVE,1
611,7123 S MAY ST,1
612,11440 S FOREST AVE,1
613,7553 W GRACE ST,1
614,4116 S DR MARTIN LUTHER KING JR DR,1
615,4827 W BYRON ST,1
617,5019 N ROCKWELL ST,1
618,1358 W 14TH ST,1
619,3851 W FERDINAND ST,1
620,6617 S ABERDEEN ST,1
621,4687 N LAWRENCE WILSON DR,1
622,3253 N KEATING AVE,1
623,7129 S MAY ST,1
624,17 W 35TH ST,1
625,2508 S SACRAMENTO AVE,1
627,3552 W 78TH PL,1
628,11843 S INDIANA AVE,1
629,3506 S STATE ST,1
600,11307 S AVENUE G,1
598,1750 W CERMAK RD,1
631,4929 W WARWICK AVE,1
597,4248 S VINCENNES AVE,1
564,5455 W AUGUSTA BLVD,1
565,9300 S BISHOP ST,1
566,9212 S HALSTED ST,1
567,6537 S SANGAMON ST,1
568,2046 W DIVISION ST,1
569,6309 N MOZART ST,1
570,6507 S WOLCOTT AVE,1
571,8611 S UNION AVE,1
572,6421 S NARRAGANSETT AVE,1
574,4511 S CHRISTIANA AVE,1
575,5043 N MAJOR AVE,1
576,4658 N MILWAUKEE AVE,1
577,3620 N NORA AVE,1
578,3637 N HARLEM AVE,1
580,4910 S KARLOV AVE,1
581,1516 W 88TH ST,1
582,6140 S KILBOURN AVE,1
583,2618 W THOMAS ST,1
587,6318 N FAIRFIELD AVE,1
588,4179 W BELMONT AVE,1
590,908 W 87TH ST,1
591,5120 S KEDZIE AVE,1
592,6121 N KOSTNER AVE,1
593,9255 S WESTERN AVE,1
596,3415 W BRYN MAWR AVE,1
630,5820 N MASON AVE,1
632,6007 N FAIRFIELD AVE,1
562,8714 S WOOD ST,1
668,817 W FOSTER DR,1
672,3642 S UNION AVE,1
674,5701 S KEDZIE AVE,1
675,8806 S WABASH AVE,1
676,2000 N FREMONT ST,1
678,3537 N GREENVIEW AVE,1
679,5212 S FRANCISCO AVE,1
680,6430 S CARPENTER ST,1
681,1126 W BALMORAL AVE,1
682,4716 S WINCHESTER AVE,1
683,2211 E 71ST ST,1
684,3409 W BALMORAL AVE,1
685,6000 N LINCOLN AVE,1
686,3709 N SHEFFIELD AVE,1
688,3251 W WALNUT ST,1
690,4847 W MAYPOLE AVE,1
691,3331 W WASHINGTON BLVD,1
692,7316 S DAMEN AVE,1
693,3222 W FULTON BLVD,1
694,1900 W 48TH ST,1
697,3309 N SHEFFIELD AVE,1
698,2649 N SHEFFIELD AVE,1
699,7127 S DAMEN AVE,1
700,4823 W DEMING PL,1
702,7500 S WOLCOTT AVE,1
703,2521 W WILSON AVE,1
670,902 W ADDISON ST,1
667,1016 W 32ND PL,1
633,4956 S VINCENNES AVE,1
666,3833 W LAWRENCE AVE,1
634,436 E 47TH ST,1
635,5009 N ROCKWELL ST,1
636,213 E 89TH PL,1
638,5632 N MOODY AVE,1
639,2340 W 18TH PL,1
640,2649 N MARMORA AVE,1
641,2600 S FEDERAL ST,1
642,2604 N PARKSIDE AVE,1
644,5142 N MARMORA AVE,1
645,4747 S VINCENNES AVE,1
646,7914 S ST LAWRENCE AVE,1
648,8439 S WABASH AVE,1
649,343 W DICKENS AVE,1
650,8827 S MICHIGAN AVE,1
651,722 W WILSON DR,1
652,2942 S THROOP ST,1
654,10821 S CHRISTIANA AVE,1
655,6232 N BROADWAY,1
656,3500 N MILWAUKEE AVE,1
657,3155 S SHIELDS AVE,1
658,4802 N NB OUTER LAKE SHORE DR,1
659,2833 S ARCHER AVE,1
660,3950 W MONTROSE AVE,1
661,9101 S WINCHESTER AVE,1
665,4511 S FAIRFIELD AVE,1
563,1425 W FARWELL AVE,1
561,4424 N KIMBALL AVE,1
421,2346 S WHIPPLE ST,1
455,3903 W 60TH ST,1
459,2734 W WELLINGTON AVE,1
460,11 N WABASH AVE,1
461,7429 N WINCHESTER AVE,1
462,5518 W CHICAGO AVE,1
463,718 W 48TH PL,1
465,3137 W 53RD PL,1
466,5366 N ELSTON AVE,1
467,3025 N KILBOURN AVE,1
468,4733 W MONTROSE AVE,1
471,2709 S KOSTNER AVE,1
473,4314 W 31ST ST,1
474,7755 S RACINE AVE,1
475,14 E RANDOLPH ST,1
476,1142 N LOREL AVE,1
477,4826 W BLOOMINGDALE AVE,1
478,11227 S CHURCH ST,1
479,6524 S KIMBARK AVE,1
481,6126 S KIMBARK AVE,1
482,300 W 31ST ST,1
483,6932 S ARTESIAN AVE,1
484,7627 S HAMILTON AVE,1
486,2648 S HARDING AVE,1
487,6738 W ARCHER AVE,1
489,6929 S ROCKWELL ST,1
490,2203 W BERWYN AVE,1
457,6838 S KARLOV AVE,1
454,349 W 29TH PL,1
493,2126 W CULLERTON ST,1
453,1215 N LAMON AVE,1
423,11233 S CHURCH ST,1
425,4701 N SPRINGFIELD AVE,1
426,5808 S KOLMAR AVE,1
427,2750 W IRVING PARK RD,1
428,4219 N FRANCISCO AVE,1
429,2004 W FARRAGUT AVE,1
430,4703 S TRIPP AVE,1
431,1835 N LONG AVE,1
434,2237 S LEAVITT ST,1
435,306 W ADAMS ST,1
436,643 W 59TH ST,1
437,1535 N HUDSON AVE,1
438,4244 N DRAKE AVE,1
439,3139 N HOYNE AVE,1
440,6935 S CAMPBELL AVE,1
441,751 S SHIELDS AVE,1
442,5439 W CRYSTAL ST,1
443,4051 S ROCKWELL ST,1
444,5812 W NEWPORT AVE,1
446,5599 W ADDISON ST,1
448,4914 S LA CROSSE AVE,1
449,2755 N NEW ENGLAND AVE,1
450,5151 S ARCHER AVE,1
451,5000 W HURON ST,1
452,4556 N NB OUTER LAKE SHORE DR,1
491,3132 N NATOMA AVE,1
494,4022 W EDDY ST,1
560,8629 S BISHOP ST,1
532,7541 S EVANS AVE,1
535,6728 W 64TH PL,1
536,3022 W ROSEMONT AVE,1
537,6344 N FAIRFIELD AVE,1
538,5129 W WINONA ST,1
539,9442 S LAFLIN ST,1
540,1737 W CHASE AVE,1
541,8829 S MAY ST,1
542,6915 S WENTWORTH AVE,1
543,3839 S HONORE ST,1
544,8700 S WINCHESTER AVE,1
545,6344 N ARTESIAN AVE,1
546,3903 N KEELER AVE,1
547,9318 S MAY ST,1
548,2638 W CULLERTON ST,1
549,6755 S PAXTON AVE,1
550,9451 S BISHOP ST,1
551,2633 W BELDEN AVE,1
552,1044 W 95TH ST,1
553,6318 W RAVEN ST,1
554,7930 S VERNON AVE,1
555,3729 W 62ND PL,1
556,7141 S MILLARD AVE,1
557,2322 W RICE ST,1
558,4825 N AVONDALE AVE,1
559,6350 W HERMIONE ST,1
534,5223 S KILBOURN AVE,1
531,2059 E 72ND ST,1
495,3814 N PULASKI RD,1
530,541 E 60TH ST,1
497,2740 N NEW ENGLAND AVE,1
498,701 N LATROBE AVE,1
499,515 W BLACKHAWK ST,1
500,4800 W MONTROSE AVE,1
501,3207 N ELSTON AVE,1
502,829 E 38TH ST,1
503,824 N LOCKWOOD AVE,1
504,3627 N SAYRE AVE,1
506,6130 S WOLCOTT AVE,1
507,3956 W DAKIN ST,1
508,6654 N FAIRFIELD AVE,1
510,5815 S HARLEM AVE,1
512,8128 S JUSTINE ST,1
513,6602 S GREEN ST,1
515,4912 S KARLOV AVE,1
516,1450 W ALBION AVE,1
517,9246 S WENTWORTH AVE,1
518,5328 S MORGAN ST,1
521,8046 S JUSTINE ST,1
522,7200 S EVANS AVE,1
523,550 W 87TH ST,1
525,3347 W FULTON BLVD,1
526,1525 E 53RD ST,1
527,1424 W 87TH ST,1
528,9706 S LAFAYETTE AVE,1
704,1900 S HALSTED ST,1
705,2525 N CLARK ST,1
706,2423 W 47TH ST,1
897,7817 S MARQUETTE AVE,1
900,5356 W NELSON ST,1
901,6950 S NORMAL BLVD,1
902,4435 W DIVISION ST,1
903,5826 N LINCOLN AVE,1
904,3325 S SEELEY AVE,1
905,2649 N FRANCISCO AVE,1
906,6542 S CHAMPLAIN AVE,1
907,234 W 57TH ST,1
908,2951 N MONITOR AVE,1
909,1912 W ROSCOE ST,1
910,1704 W FLETCHER ST,1
912,5909 N LINCOLN AVE,1
913,3045 W EASTWOOD AVE,1
914,3125 W FOSTER AVE,1
915,5819 N RICHMOND ST,1
916,2666 E 78TH ST,1
917,5821 W HURON ST,1
918,1123 W ROOSEVELT RD,1
920,5832 W WALTON ST,1
921,3052 N NEVA AVE,1
922,3036 N HARLEM AVE,1
923,4320 W 47TH ST,1
925,3538 W HIRSCH ST,1
926,5151 N TROY ST,1
927,5045 W SUPERIOR ST,1
898,2650 W NORTH SHORE AVE,1
896,12238 S MICHIGAN AVE,1
931,8915 S EXCHANGE AVE,1
894,2157 N LATROBE AVE,1
866,1836 S RIDGEWAY AVE,1
867,2013 N DAMEN AVE,1
868,7300 S SOUTH SHORE DR,1
869,3438 N BELL AVE,1
870,2847 W BERWYN AVE,1
872,3058 W CERMAK RD,1
873,601 W MONTROSE DR,1
874,4177 W BELMONT AVE,1
875,6511 N CALIFORNIA AVE,1
876,10200 S PERRY AVE,1
877,7801 S PEORIA ST,1
879,7438 S PHILLIPS AVE,1
880,5645 W 63RD ST,1
881,10953 S MICHIGAN AVE,1
882,5310 S WOLCOTT AVE,1
883,3751 N WESTERN AVE,1
884,2232 W HURON ST,1
885,3621 N WESTERN AVE,1
886,811 W FOSTER DR,1
887,12630 S WALLACE ST,1
888,7714 S ESSEX AVE,1
889,2156 N LARAMIE AVE,1
890,7022 S ARTESIAN AVE,1
891,1715 W ALBION AVE,1
892,1349 N BELL AVE,1
928,4334 W 51ST ST,1
932,7613 S EMERALD AVE,1
707,918 N LAMON AVE,1
965,10621 S EDBROOKE AVE,1
968,5407 N WAYNE AVE,1
969,5847 S CALIFORNIA AVE,1
970,1543 W AUGUSTA BLVD,1
971,6640 W BELDEN AVE,1
972,2825 N NAGLE AVE,1
974,7136 S CHAMPLAIN AVE,1
975,2000 N KINGSBURY ST,1
977,226 N LA CROSSE AVE,1
978,7604 S WABASH AVE,1
979,5626 S MOZART ST,1
980,5000 W ADAMS ST,1
981,1714 N WESTERN AVE,1
982,5229 W LEXINGTON ST,1
983,2618 W GLADYS AVE,1
985,5434 S PAULINA ST,1
986,2718 N NARRAGANSETT AVE,1
987,1125 W 31ST ST,1
988,2512 N KILPATRICK AVE,1
989,505 W 28TH ST,1
991,1824 W WABANSIA AVE,1
992,5114 N DAMEN AVE,1
993,3100 N CICERO AVE,1
995,509 W 28TH ST,1
996,7634 S UNION AVE,1
997,7735 S LANGLEY AVE,1
966,4927 W ADAMS ST,1
964,6815 S PARNELL AVE,1
935,5171 W CONCORD PL,1
963,4234 W MAYPOLE AVE,1
937,1236 N WALLER AVE,1
938,1231 N WALLER AVE,1
939,3540 W HIRSCH ST,1
940,4412 S SHIELDS AVE,1
941,1015 N PULASKI RD,1
942,6226 N FAIRFIELD AVE,1
943,5707 W POTOMAC AVE,1
944,6531 S ABERDEEN ST,1
945,5328 W ADDISON ST,1
946,950 N WOLCOTT AVE,1
947,207 W OHIO ST,1
948,8449 S SOUTH CHICAGO AVE,1
949,2942 W BERWYN AVE,1
950,1100 N PULASKI RD,1
952,7617 S UNION AVE,1
953,4216 W ARMITAGE AVE,1
954,7341 S CRANDON AVE,1
955,6510 S PEORIA ST,1
956,4948 S KOLIN AVE,1
957,54 E 70TH ST,1
958,7401 S LANGLEY AVE,1
959,213 N KOLMAR AVE,1
960,5222 W MADISON ST,1
961,6144 N WINTHROP AVE,1
962,1939 N HARLEM AVE,1
865,1845 S HAMLIN AVE,1
864,2126 S FAIRFIELD AVE,1
863,7915 S MUSKEGON AVE,1
740,6337 W BYRON ST,1
742,609 W DRUMMOND PL,1
743,3456 W 54TH PL,1
744,2939 S FARRELL ST,1
746,6714 S JUSTINE ST,1
747,1800 N WOLCOTT AVE,1
750,2336 W ARMITAGE AVE,1
751,1959 N WILMOT AVE,1
752,3108 N OSCEOLA AVE,1
754,3838 W 51ST ST,1
755,9742 S LUELLA AVE,1
756,1133 N KEDVALE AVE,1
757,2978 N MILWAUKEE AVE,1
758,9147 S CLYDE AVE,1
759,6926 N WAYNE AVE,1
760,4920 W HARRISON ST,1
762,500 N WALLER AVE,1
763,6941 W ARCHER AVE,1
765,7742 N ASHLAND AVE,1
767,3135 N OAKLEY AVE,1
768,3138 W FILLMORE ST,1
772,1645 W WABANSIA AVE,1
773,2834 W 65TH ST,1
774,5616 S HOMAN AVE,1
775,7944 S BRANDON AVE,1
776,4348 S ST LOUIS AVE,1
741,9438 S CHAMPLAIN AVE,1
739,705 W BELDEN AVE,1
862,647 W WILSON DR,1
738,2917 S WELLS ST,1
708,2729 N RUTHERFORD AVE,1
709,5600 S DORCHESTER AVE,1
711,6777 N OLMSTED AVE,1
712,4356 S ROCKWELL ST,1
713,6829 S HERMITAGE AVE,1
714,182 N LA SALLE ST,1
715,4147 W WELLINGTON AVE,1
716,1108 W ROSCOE ST,1
717,5351 S WASHTENAW AVE,1
718,139 W HADDOCK PL,1
722,5206 W NEWPORT AVE,1
723,5214 W WASHINGTON BLVD,1
724,5854 W AUGUSTA BLVD,1
725,806 N LOCKWOOD AVE,1
726,7627 S DORCHESTER AVE,1
727,4023 N MEADE AVE,1
728,5044 S TALMAN AVE,1
729,804 S CALIFORNIA AVE,1
731,449 W FULLERTON PKWY,1
732,3700 N PARIS AVE,1
733,805 S LEAVITT ST,1
734,3042 S QUINN ST,1
735,1947 N CLYBOURN AVE,1
736,3623 S UNION AVE,1
737,4748 S WOOD ST,1
777,5817 N MASON AVE,1
778,4944 N WASHTENAW AVE,1
779,2538 N ASHLAND AVE,1
780,538 W 60TH ST,1
823,2258 S SPRINGFIELD AVE,1
824,619 N LOTUS AVE,1
826,3249 N LINDER AVE,1
827,7412 S MAY ST,1
828,1835 N MILWAUKEE AVE,1
830,7744 N ASHLAND AVE,1
831,2525 N HARLEM AVE,1
834,9038 S ESSEX AVE,1
835,5444 W DRUMMOND PL,1
836,2702 S SPAULDING AVE,1
841,8300 S MANISTEE AVE,1
842,8043 S HOUSTON AVE,1
843,2206 N SEELEY AVE,1
844,654 W WILSON DR,1
848,3252 W 23RD ST,1
849,3520 W OGDEN AVE,1
850,705 W LAWRENCE DR,1
852,6682 N LEOTI AVE,1
854,4025 W 58TH ST,1
855,5252 W BELDEN AVE,1
856,2646 W JARVIS AVE,1
857,4635 S KOLMAR AVE,1
859,7350 S CARPENTER ST,1
860,1844 S RIDGEWAY AVE,1
861,1100 S INDEPENDENCE BLVD,1
821,4600 N MONTICELLO AVE,1
820,9150 S COLFAX AVE,1
819,7740 N ASHLAND AVE,1
794,1418 W IRVING PARK RD,1
781,201 N MAYFIELD AVE,1
782,1618 N WOLCOTT AVE,1
783,7211 S EMERALD AVE,1
784,2300 W LAWRENCE AVE,1
785,1520 W 71ST ST,1
786,6550 S RHODES AVE,1
787,5216 N MOBILE AVE,1
789,5821 N MASON AVE,1
790,518 E 72ND ST,1
792,2608 W 22ND PL,1
793,5058 N AUSTIN AVE,1
799,2700 W LOGAN BLVD,1
818,2022 N WOOD ST,1
800,820 N LOCKWOOD AVE,1
802,1825 N WINNEBAGO AVE,1
804,8401 S MARQUETTE AVE,1
805,1221 W 47TH ST,1
806,7319 S WINCHESTER AVE,1
807,1045 N LEAMINGTON AVE,1
809,5228 W FLOURNOY ST,1
811,1135 N KEDVALE AVE,1
813,5617 S KOSTNER AVE,1
814,752 S KEELER AVE,1
816,4301 W IRVING PARK RD,1
422,11042 S TRUMBULL AVE,1
419,3025 N LARAMIE AVE,1
868,2431 E 89TH ST,1
15,4707 S TRIPP AVE,1
18,7825 S LAFLIN ST,1
19,10900 S SPRINGFIELD AVE,1
20,3315 N WOLCOTT AVE,1
21,212 N LOREL AVE,1
22,925 S BELL AVE,1
25,3114 N SOUTHPORT AVE,1
26,4317 W 47TH ST,1
27,1009 N MARSHFIELD AVE,1
28,2918 N MELVINA AVE,1
29,1357 N ASHLAND AVE,1
31,7824 S MARQUETTE AVE,1
32,2635 W LOGAN BLVD,1
34,9013 S BURLEY AVE,1
35,7130 S ALBANY AVE,1
37,663 W GRACE ST,1
38,2643 N BURLING ST,1
40,6636 S KENWOOD AVE,1
41,1616 W AUGUSTA BLVD,1
42,1427 N STATE PKWY,1
43,3619 W 26TH ST,1
44,4870 N SHERIDAN RD,1
45,4715 S KOLIN AVE,1
47,2319 W ARMITAGE AVE,1
48,3228 S HARDING AVE,1
50,8602 S EXCHANGE AVE,1
17,2645 W NORTH SHORE AVE,1
14,3832 S CALUMET AVE,1
52,4809 W 47TH ST,1
13,5222 W HENDERSON ST,1
987,10100 S STONY ISLAND AVE,1
988,7707 W CLARENCE AVE,1
989,7900 S EXCHANGE AVE,1
990,7700 S KEDZIE AVE,1
991,7130 S CYRIL AVE,1
992,4000 W CONGRESS PKWY,1
993,7600 W BRYN MAWR AVE,1
994,5130 N MEADE AVE,1
995,4902 N MASON AVE,1
996,4901 N RIDGEWAY AVE,1
997,5550 S NEWCASTLE AVE,1
998,10716 S ALBANY AVE,1
999,3841 W 63RD ST,1
0,1515 W MORSE AVE,1
1,1517 W MORSE AVE,1
2,2110 W 72ND ST,1
3,1511 N MONITOR AVE,1
4,6524 N WASHTENAW AVE,1
5,6952 N CLARK ST,1
6,140 W 104TH ST,1
7,5229 S PARKSIDE AVE,1
9,3227 N ORIOLE AVE,1
10,4513 N ELSTON AVE,1
11,4334 S MICHIGAN AVE,1
12,2617 W RASCHER AVE,1
51,4800 N CLARK ST,1
53,5819 W GEORGE ST,1
985,4700 N CHESTER AVE,1
90,6901 S MICHIGAN AVE,1
93,4023 N BROADWAY,1
94,5488 N MENARD AVE,1
95,6675 N OKETO AVE,1
96,5152 N LOCKWOOD AVE,1
97,5424 N LOTUS AVE,1
99,7257 W EVERELL AVE,1
100,2405 N LONG AVE,1
101,5241 W POTOMAC AVE,1
102,2404 S DRAKE AVE,1
103,21 E 120TH ST,1
104,6047 W FULLERTON AVE,1
106,4546 N KEDVALE AVE,1
108,6460 S KENWOOD AVE,1
109,2006 W ALBION AVE,1
110,5224 W PATTERSON AVE,1
111,1718 W CHICAGO AVE,1
112,2304 N MANGO AVE,1
113,4426 N KASSON AVE,1
116,4836 S KILDARE AVE,1
117,5431 S ABERDEEN ST,1
118,1111 N WINCHESTER AVE,1
119,7417 S LANGLEY AVE,1
120,1360 W 78TH ST,1
121,6549 S KENWOOD AVE,1
122,6300 W 63RD ST,1
92,2207 N KEYSTONE AVE,1
89,4309 N WHIPPLE ST,1
54,5724 N KENMORE AVE,1
88,3420 W GRACE ST,1
55,3738 N NEWLAND AVE,1
58,3324 E 133RD ST,1
59,7526 S SAGINAW AVE,1
60,5220 W CONGRESS PKWY,1
61,5492 W GETTYSBURG ST,1
62,5521 S TROY ST,1
64,151 N LAVERGNE AVE,1
65,9128 S CARPENTER ST,1
67,6201 W BERENICE AVE,1
68,4921 W LAKE ST,1
69,6814 S CHAMPLAIN AVE,1
70,8143 S MARSHFIELD AVE,1
74,4125 N WHIPPLE ST,1
76,3558 W BRYN MAWR AVE,1
77,6618 S NORMAL BLVD,1
78,2744 N ST LOUIS AVE,1
79,6020 W HIGGINS AVE,1
80,3925 W 57TH PL,1
81,2322 N DRAKE AVE,1
82,7908 S EBERHART AVE,1
83,7538 S EVANS AVE,1
84,3723 N ST LOUIS AVE,1
85,4029 N MEADE AVE,1
86,4123 N WHIPPLE ST,1
87,7907 S EBERHART AVE,1
986,5600 N ODELL AVE,1
984,2831 N LAKE SHORE DR,1
417,4628 S SAWYER AVE,1
896,535 N MICHIGAN AVE,1
899,6640 W 53RD ST,1
900,2806 N MANGO AVE,1
901,3901 W 64TH ST,1
902,6238 N LEMONT AVE,1
903,10400 S ALBANY AVE,1
904,7534 N ALBANY AVE,1
905,5500 W CORTLAND ST,1
906,3501 N HALSTED ST,1
907,2552 N LUNA AVE,1
985,1807 S KOMENSKY AVE,1
909,5346 N AVONDALE AVE,1
910,1300 W 71ST ST,1
911,9053 S CHAPPEL AVE,1
912,11100 S AVENUE C,1
913,3004 E 78TH ST,1
914,6641 N ODELL AVE,1
915,12721 S SANGAMON ST,1
917,2557 S WESTERN AVE,1
918,3049 W JARLATH ST,1
919,800 S WESTERN AVE,1
920,4520 N CAMPBELL AVE,1
921,4840 W 48TH ST,1
922,9402 S VANDERPOEL AVE,1
923,4801 W LAWRENCE AVE,1
924,11200 S HOMEWOOD AVE,1
898,10401 S KEDZIE AVE,1
895,1948 W CHICAGO AVE,1
926,7031 W MELROSE ST,1
894,10721 S FAIRFIELD AVE,1
869,6416 W DEVON AVE,1
870,10214 S COMMERCIAL AVE,1
871,3800 E 110TH ST,1
872,344 E 42ND ST,1
873,2200 N ELSTON AVE,1
874,5800 N OZARK AVE,1
875,11700 S MICHIGAN AVE,1
876,2057 W 75TH PL,1
877,3211 W 78TH ST,1
878,5211 S KENNETH AVE,1
879,839 W 79TH ST,1
880,8020 S SACRAMENTO AVE,1
881,10737 S AVENUE G,1
882,9818 S PRINCETON AVE,1
883,6341 S KILPATRICK AVE,1
884,2700 W LAWRENCE AVE,1
885,3945 W IOWA ST,1
886,4533 W 84TH PL,1
887,4439 W AINSLIE ST,1
888,4726 S GREENWOOD AVE,1
889,801 E 61ST ST,1
890,1210 W LOYOLA CT,1
891,7901 S ASHLAND AVE,1
892,3105 S KEDZIE AVE,1
893,1900 N AUSTIN AVE,1
925,5202 S LARAMIE AVE,1
927,908 W ARDMORE AVE,1
983,10635 S PARNELL AVE,1
956,10700 S BENSLEY AVE,1
958,1623 N HALSTED ST,1
959,1705 W BELMONT AVE,1
960,1300 E 92ND ST,1
961,12400 S EMERALD AVE,1
962,4450 N LAVERGNE AVE,1
963,7301 W CLARENCE AVE,1
964,2208 W CHICAGO AVE,1
965,2913 S UNION AVE,1
966,2901 W WABANSIA AVE,1
967,5624 N SHERIDAN RD,1
968,4800 W HUTCHINSON ST,1
969,3099 N ALBANY AVE,1
970,5500 W GLADYS AVE,1
971,3260 W BELMONT AVE,1
972,256 W 23RD PL,1
973,1913 S PEORIA ST,1
974,1851 N CLARK ST,1
975,5400 S FAIRFIELD AVE,1
976,10501 S WABASH AVE,1
977,2830 W 80TH ST,1
978,5517 N RAVENSWOOD AVE,1
979,5600 S CALUMET AVE,1
980,4227 S OAKENWALD AVE,1
981,2200 S LAKE SHORE DR,1
982,5616 W IRVING PARK RD,1
957,1813 W BERWYN AVE,1
955,1200 S CLINTON ST,1
928,6300 W FOSTER AVE,1
954,11300 S SPAULDING AVE,1
929,5847 N JERSEY AVE,1
930,2750 N CENTRAL AVE,1
931,7136 S MORGAN ST,1
932,5500 S DR MARTIN LUTHER KING JR DR,1
933,2939 N DAMEN AVE,1
934,500 E 78TH ST,1
935,1056 W ARTHINGTON ST,1
936,10949 S RIDGEWAY AVE,1
937,6954 W IMLAY ST,1
938,2511 N KIMBALL AVE,1
939,2301 S WESTERN AVE,1
940,8420 S INGLESIDE AVE,1
941,8000 S SOUTH SHORE DR,1
942,6559 S KEELER AVE,1
943,5100 S HARPER AVE,1
944,2161 W TOUHY AVE,1
945,6711 N CALDWELL AVE,1
946,4879 N LINCOLN AVE,1
947,317 S RICHMOND ST,1
948,2900 W CHASE AVE,1
949,2427 W TOUHY AVE,1
950,7424 N TALMAN AVE,1
951,10859 S COTTAGE GROVE AVE,1
952,12704 S GREEN ST,1
953,1038 E 45TH ST,1
123,1936 N LINCOLN AVE,1
124,4746 S KOLIN AVE,1
125,323 W 23RD PL,1
309,9338 S UNIVERSITY AVE,1
311,1718 W 71ST ST,1
312,7944 S ELLIS AVE,1
313,9315 S GREENWOOD AVE,1
314,218 N JEFFERSON ST,1
315,2622 N MONT CLARE AVE,1
316,2130 N LINCOLN AVE,1
317,1800 N ORLEANS ST,1
318,7851 S BENNETT AVE,1
322,2930 N WISNER AVE,1
323,7501 S WOLCOTT AVE,1
327,4757 N PAULINA ST,1
328,5619 S KOSTNER AVE,1
329,841 W WRIGHTWOOD AVE,1
331,425 W ST JAMES PL,1
332,7804 S ELLIS AVE,1
333,7706 S WOLCOTT AVE,1
334,420 W 63RD ST,1
335,9855 S WOODLAWN AVE,1
336,918 W ARMITAGE AVE,1
337,6730 S RACINE AVE,1
338,5722 S LOWE AVE,1
339,6426 N WASHTENAW AVE,1
340,6537 S WOODLAWN AVE,1
341,7400 S MAY ST,1
342,12 W MONROE ST,1
310,5054 W VAN BUREN ST,1
308,8222 S COTTAGE GROVE AVE,1
345,6222 N TROY ST,1
307,2932 N WISNER AVE,1
275,2327 W 65TH ST,1
277,2835 N SPAULDING AVE,1
278,3948 W ERIE ST,1
279,5421 S HARDING AVE,1
280,4425 N TROY ST,1
281,4918 N KEDZIE AVE,1
282,4900 S ELLIS AVE,1
283,7901 S PAXTON AVE,1
285,6400 W GREGORY ST,1
288,8031 S BURNHAM AVE,1
289,2601 W 71ST ST,1
290,10009 S HOXIE AVE,1
291,2857 N MAPLEWOOD AVE,1
293,4628 W PATTERSON AVE,1
294,1956 W SCHOOL ST,1
295,6602 S KIMBARK AVE,1
297,2414 N NEWCASTLE AVE,1
298,2217 W EASTWOOD AVE,1
299,2004 E 93RD ST,1
300,5007 W DRUMMOND PL,1
301,2940 N BROADWAY,1
302,3618 W 68TH ST,1
303,4023 S VINCENNES AVE,1
304,3735 N ELSTON AVE,1
305,335 N PINE AVE,1
344,2335 N CLEVELAND AVE,1
346,1449 N AUSTIN BLVD,1
126,3018 N PULASKI RD,1
384,5354 W DIVERSEY AVE,1
387,1000 N LOREL AVE,1
388,2851 W ARTHUR AVE,1
389,11032 S VERNON AVE,1
390,5835 N ARTESIAN AVE,1
391,1917 W 23RD ST,1
392,4945 W WABANSIA AVE,1
393,6032 N WINTHROP AVE,1
394,4263 W 81ST ST,1
395,345 S KOSTNER AVE,1
396,5122 N AVERS AVE,1
397,7136 S TALMAN AVE,1
400,3000 W MONTROSE AVE,1
401,2442 W WINNEMAC AVE,1
402,4822 N KILDARE AVE,1
404,2047 W 18TH PL,1
405,336 S KOSTNER AVE,1
406,4138 S ROCKWELL ST,1
407,10000 S VERNON AVE,1
408,5510 N NEW ENGLAND AVE,1
409,5232 W STRONG ST,1
410,2527 S ST LOUIS AVE,1
412,3343 N PIONEER AVE,1
413,3623 S ARCHER AVE,1
415,11840 S CAMPBELL AVE,1
416,2448 N KILDARE AVE,1
386,247 W CERMAK RD,1
383,4817 W HUBBARD ST,1
347,5671 W FULTON ST,1
382,7326 S MOZART ST,1
350,953 W 78TH ST,1
353,2650 N RACINE AVE,1
354,2714 N MILDRED AVE,1
355,4036 N HOYNE AVE,1
356,10017 S INDIANA AVE,1
357,1443 W WARNER AVE,1
360,7433 S CLAREMONT AVE,1
362,5665 N LINCOLN AVE,1
363,10529 S CALUMET AVE,1
364,5200 S ST LOUIS AVE,1
365,915 W 18TH PL,1
366,952 N PULASKI RD,1
367,4738 S TRIPP AVE,1
368,147 N PINE AVE,1
369,2314 W BERWYN AVE,1
370,2001 W DEVON AVE,1
371,919 N HARDING AVE,1
372,5146 S HOMAN AVE,1
373,4907 W ALTGELD ST,1
374,2199 N HUDSON AVE,1
375,2211 W EASTWOOD AVE,1
378,4440 S SAWYER AVE,1
379,3739 N MAJOR AVE,1
380,5454 W WASHINGTON BLVD,1
381,556 N LOCKWOOD AVE,1
274,2941 N ALBANY AVE,1
273,3010 W AINSLIE ST,1
272,3204 W LAWRENCE AVE,1
162,2251 N KOSTNER AVE,1
166,2350 E 96TH ST,1
167,2051 N LINCOLN AVE,1
168,2515 N CLARK ST,1
169,8212 S DANTE AVE,1
170,3806 N NORDICA AVE,1
171,2610 N SEMINARY AVE,1
172,4825 W GLADYS AVE,1
173,3812 N SHEFFIELD AVE,1
175,21 E 120TH PL,1
176,2536 N LINCOLN AVE,1
177,11021 S DR MARTIN LUTHER KING JR DR,1
178,11942 S MICHIGAN AVE,1
179,1908 W WELLINGTON AVE,1
180,2459 N MASON AVE,1
181,2119 W SUPERIOR ST,1
187,4376 W OGDEN AVE,1
188,707 W HARRISON ST,1
189,4731 N AVERS AVE,1
190,6900 S CLAREMONT AVE,1
191,4223 W ROSCOE ST,1
193,4443 N BERNARD ST,1
195,6932 S MAY ST,1
196,6930 S CLAREMONT AVE,1
197,6714 N TALMAN AVE,1
198,13229 S COMMERCIAL AVE,1
164,3216 N OZARK AVE,1
161,57 E 101ST ST,1
270,2736 N WOLCOTT AVE,1
160,6916 S WABASH AVE,1
127,2643 W 19TH ST,1
128,600 W IRVING PARK RD,1
129,2643 N ALBANY AVE,1
130,4146 W CORNELIA AVE,1
131,7954 S YALE AVE,1
132,1804 S THROOP ST,1
133,1504 W 19TH ST,1
136,1644 N HONORE ST,1
137,8600 S COTTAGE GROVE AVE,1
138,2216 S SPAULDING AVE,1
140,3004 N ODELL AVE,1
141,7349 S EMERALD AVE,1
142,62 E 101ST PL,1
143,1643 W MARQUETTE RD,1
144,9500 S JEFFERY AVE,1
145,3020 N ODELL AVE,1
146,7351 S OAKLEY AVE,1
148,4236 W 31ST ST,1
149,3455 N MARSHFIELD AVE,1
153,10232 S TALMAN AVE,1
154,2943 N GRESHAM AVE,1
155,1012 N CENTRAL AVE,1
156,2224 S SPAULDING AVE,1
157,1914 N HUDSON AVE,1
159,3013 N OKETO AVE,1
199,6606 N DAMEN AVE,1
201,5440 S LUNA AVE,1
202,2323 W FULLERTON AVE,1
203,5400 N PAULINA ST,1
237,2512 E 79TH ST,1
238,5050 W DIVISION ST,1
239,5018 W WEST END AVE,1
241,6540 S GREEN ST,1
242,6120 W MONTROSE AVE,1
243,7822 S MARQUETTE AVE,1
244,5115 S MERRIMAC AVE,1
245,5925 S BISHOP ST,1
246,3243 W WALNUT ST,1
247,5094 W GLADYS AVE,1
248,658 W BELDEN AVE,1
249,3325 N CALIFORNIA AVE,1
251,7544 S PHILLIPS AVE,1
252,4303 N AVERS AVE,1
253,1400 W 49TH ST,1
255,3002 W AINSLIE ST,1
256,3908 W AUGUSTA BLVD,1
257,5013 W SUPERIOR ST,1
258,535 N CENTRAL AVE,1
260,656 W WELLINGTON AVE,1
261,5839 W 63RD PL,1
263,2008 N DAMEN AVE,1
265,1845 W MELROSE ST,1
268,1717 W HURON ST,1
269,1000 N SPRINGFIELD AVE,1
236,2825 N MOZART ST,1
235,4444 N MARMORA AVE,1
233,5748 W GUNNISON ST,1
215,8825 S INDIANA AVE,1
204,10146 S EWING AVE,1
205,5532 S PERRY AVE,1
206,6836 S MORGAN ST,1
207,7453 N HOYNE AVE,1
208,2441 N LEAVITT ST,1
209,1444 W 72ND PL,1
210,1540 W BLACKHAWK ST,1
211,1320 N CLEVELAND AVE,1
212,1237 N BOSWORTH AVE,1
213,6332 N MOZART ST,1
214,2511 N CLYBOURN AVE,1
217,13221 S COMMERCIAL AVE,1
231,2501 N HALSTED ST,1
219,2050 N CALIFORNIA AVE,1
220,5252 W 55TH ST,1
221,1464 W 79TH ST,1
222,1152 N MILWAUKEE AVE,1
223,2704 N LARAMIE AVE,1
224,5500 W CHICAGO AVE,1
225,945 W 78TH ST,1
226,820 S LEAVITT ST,1
227,6538 S GREEN ST,1
228,748 W FULLERTON AVE,1
229,4120 W WEST END AVE,1
986,10743 S PRAIRIE AVE,1
948,8418 S MORGAN ST,1
984,7746 S EAST END AVE,1
642,2700 N SPAULDING AVE,1
629,3358 N PULASKI RD,1
631,3825 S ALBANY AVE,1
632,4401 N ROCKWELL ST,1
633,4306 W 26TH ST,1
634,3438 S HOYNE AVE,1
635,4458 N KEDZIE AVE,1
636,4816 N WESTERN AVE,1
637,4651 S KARLOV AVE,1
638,1612 N THROOP ST,1
639,4285 W 81ST ST,1
640,6200 W WAVELAND AVE,1
641,3608 N ALBANY AVE,1
643,3558 S WESTERN AVE,1
597,2500 N MILWAUKEE AVE,1
644,3423 W ARMITAGE AVE,1
645,1338 W EDDY ST,1
646,3534 N ELSTON AVE,1
647,2641 S CENTRAL PARK AVE,1
648,3605 S SEELEY AVE,1
649,4604 N ASHLAND AVE,1
650,5200 W FOSTER AVE,1
651,3146 W 59TH ST,1
652,3335 W 26TH ST,1
653,1744 W 35TH ST,1
654,4646 N MONTICELLO AVE,1
655,4602 W 63RD ST,1
628,1545 N ASHLAND AVE,1
627,8808 S EXCHANGE AVE,1
626,3052 W 38TH PL,1
625,1009 W BARRY AVE,1
599,3930 N ASHLAND AVE,1
600,3325 W 51ST ST,1
601,4330 S ARCHER AVE,1
602,2353 W ADDISON ST,1
603,1012 W ALBION AVE,1
604,3815 N LEAVITT ST,1
605,6600 S SACRAMENTO AVE,1
606,3014 W BELMONT AVE,1
607,3319 S DAMEN AVE,1
608,4256 W FULLERTON AVE,1
609,3718 S HONORE ST,1
610,411 W KINZIE ST,1
611,2750 N KIMBALL AVE,1
612,1139 N AUSTIN BLVD,1
613,4127 W HIRSCH ST,1
614,1857 W 35TH ST,1
615,2658 W FOSTER AVE,1
616,1324 N WOOD ST,1
617,3600 W LEXINGTON ST,1
618,78 E PERSHING RD,1
619,833 N ASHLAND AVE,1
620,4619 S KEDZIE AVE,1
621,3656 N CICERO AVE,1
622,3235 W MONTROSE AVE,1
623,1631 W GRAND AVE,1
656,5357 N BROADWAY,1
657,2822 N WESTERN AVE,1
658,1600 S CANAL ST,1
687,1858 W 17TH ST,1
689,2221 S WENTWORTH AVE,1
690,3200 W 48TH PL,1
691,3120 W BRYN MAWR AVE,1
692,3359 N MILWAUKEE AVE,1
693,1818 S CARPENTER ST,1
694,4701 W 47TH ST,1
695,5958 S ST LOUIS AVE,1
696,5743 S ALBANY AVE,1
697,2132 W BERTEAU AVE,1
698,1639 W GRAND AVE,1
699,5628 S RICHMOND ST,1
700,1958 W GRAND AVE,1
701,2381 N MILWAUKEE AVE,1
702,3292 S ARCHER AVE,1
703,1540 W 17TH ST,1
704,2023 W 35TH ST,1
705,1342 N PAULINA ST,1
706,4901 S KILDARE AVE,1
707,2416 N WESTERN AVE,1
708,2801 N LARAMIE AVE,1
709,1970 N MILWAUKEE AVE,1
710,4151 W 85TH ST,1
711,1370 W GRAND AVE,1
712,2328 W TOUHY AVE,1
713,1051 W HUBBARD ST,1
688,2359 W SCHOOL ST,1
686,7740 S KEELER AVE,1
659,4347 N WESTERN AVE,1
685,7627 S CHAMPLAIN AVE,1
660,5525 W DIVERSEY AVE,1
661,8402 S COMMERCIAL AVE,1
662,5959 S FRANCISCO AVE,1
663,5037 S CALIFORNIA AVE,1
664,5644 S SPAULDING AVE,1
665,211 N WELLS ST,1
666,2008 N RACINE AVE,1
667,3000 W ADDISON ST,1
668,2434 N CANNON DR,1
669,1856 N ELSTON AVE,1
670,2331 W ALTGELD ST,1
671,4508 N BROADWAY,1
672,4952 S LAWNDALE AVE,1
673,2514 W HURON ST,1
674,3057 N KIMBALL AVE,1
675,2654 W FOSTER AVE,1
676,1713 W WILSON AVE,1
677,3137 W WELLINGTON AVE,1
678,2827 W BELDEN AVE,1
679,5789 N RIDGE AVE,1
680,10301 S COTTAGE GROVE AVE,1
681,1701 N WINNEBAGO AVE,1
682,4201 N KOSTNER AVE,1
683,1781 N KILDARE AVE,1
684,101 N WELLS ST,1
598,3846 W 63RD ST,1
596,1534 W HOLLYWOOD AVE,1
477,301 W ONTARIO ST,1
521,4541 N CLARK ST,1
509,2828 S TRIPP AVE,1
510,1270 N MILWAUKEE AVE,1
511,3310 W LAWRENCE AVE,1
512,3012 S ARCHER AVE,1
513,2100 S CANAL ST,1
514,1801 N TRIPP AVE,1
515,6802 W FOREST PRESERVE AVE,1
516,3559 W LAWRENCE AVE,1
517,1862 N MILWAUKEE AVE,1
518,4508 S SPRINGFIELD AVE,1
519,3910 S PULASKI RD,1
520,1515 N CICERO AVE,1
522,5105 N ALBANY AVE,1
595,12 W MARBLE PL,1
523,2655 W WABANSIA AVE,1
524,4956 N BERNARD ST,1
525,3057 N KEDZIE AVE,1
526,139 W KINZIE ST,1
528,5350 W GRAND AVE,1
529,1541 W DIVISION ST,1
530,1945 N SHEFFIELD AVE,1
531,349 E 48TH ST,1
532,2049 W HOWARD ST,1
533,3051 W GRACE ST,1
534,741 W MELROSE ST,1
535,2001 N ORCHARD ST,1
508,3848 W 80TH PL,1
507,952 N DAMEN AVE,1
506,3424 W BELMONT AVE,1
505,5035 S CHRISTIANA AVE,1
479,3342 N CLARK ST,1
480,6720 N LAKEWOOD AVE,1
481,3040 N FRANCISCO AVE,1
483,2830 W MONTROSE AVE,1
484,3702 S WESTERN AVE,1
485,2554 N KILBOURN AVE,1
486,1270 N MARION CT,1
487,3053 W CERMAK RD,1
488,204 N MORGAN ST,1
489,364 W CHICAGO AVE,1
490,3552 S HALSTED ST,1
491,2217 W 37TH ST,1
492,5212 S LEAMINGTON AVE,1
493,2930 N MILWAUKEE AVE,1
494,1866 N MILWAUKEE AVE,1
495,3401 W 55TH ST,1
496,1041 W JACKSON BLVD,1
497,3463 S HAMILTON AVE,1
498,3039 W NORTH AVE,1
499,1322 W NORTH SHORE AVE,1
500,2703 N MILWAUKEE AVE,1
501,2448 W 46TH PL,1
502,1706 N WESTERN AVE,1
503,3441 W SUNNYSIDE AVE,1
504,3411 S HOYNE AVE,1
536,3101 N SAWYER AVE,1
537,4956 S LAWNDALE AVE,1
538,1556 W 15TH PL,1
568,5002 S ARTESIAN AVE,1
570,235 N CLARK ST,1
571,1132 N WASHTENAW AVE,1
572,6219 S SPAULDING AVE,1
573,3701 S LITUANICA AVE,1
574,1756 N MAPLEWOOD AVE,1
575,3541 N KENTON AVE,1
576,3756 N MILWAUKEE AVE,1
577,1411 N MILWAUKEE AVE,1
578,3601 S ARCHER AVE,1
579,1701 N ALBANY AVE,1
580,1732 N ALBANY AVE,1
581,344 S KILBOURN AVE,1
582,2726 W AUGUSTA BLVD,1
583,259 N MILWAUKEE AVE,1
584,3955 W 30TH ST,1
585,2543 S MILLARD AVE,1
586,3850 N MILWAUKEE AVE,1
587,2507 W DEVON AVE,1
588,2755 S LAWNDALE AVE,1
589,5516 S ST LOUIS AVE,1
590,1804 W EDDY ST,1
591,1918 N MILWAUKEE AVE,1
592,1256 W 47TH ST,1
593,3801 W 63RD ST,1
594,3401 W BELMONT AVE,1
569,910 W BELMONT AVE,1
567,3239 N KEDZIE AVE,1
539,2115 W BARRY AVE,1
566,3841 S ARCHER AVE,1
540,3340 N KEDZIE AVE,1
541,2410 W CERMAK RD,1
542,5129 W BELMONT AVE,1
543,2324 W GIDDINGS ST,1
544,1549 N ASHLAND AVE,1
545,2631 W 19TH ST,1
546,4221 S CICERO AVE,1
547,3211 W DIVERSEY AVE,1
548,3328 N DAMEN AVE,1
549,1700 W SUPERIOR ST,1
550,6207 W GRAND AVE,1
551,1650 W 18TH ST,1
552,3701 N CLARK ST,1
554,1310 N ASHLAND AVE,1
555,2617 S DRAKE AVE,1
556,5159 N OAKLEY AVE,1
557,5142 S PULASKI RD,1
558,2011 N SHEFFIELD AVE,1
559,1912 W FOSTER AVE,1
560,2844 W ARMITAGE AVE,1
561,3841 W 47TH ST,1
562,1746 N CICERO AVE,1
563,2490 S ARCHER AVE,1
564,1213 W FARWELL AVE,1
565,2408 W DEVON AVE,1
714,4784 S ARCHER AVE,1
715,3035 N CALIFORNIA AVE,1
717,3500 S FRANCISCO AVE,1
881,2258 W LAWRENCE AVE,1
867,1824 N HALSTED ST,1
868,1305 N WESTERN AVE,1
869,1004 W CULLERTON ST,1
870,1460 W FULLER ST,1
872,5636 W FULLERTON AVE,1
873,911 W DAKIN ST,1
874,6539 N CLARK ST,1
876,5334 W DIVERSEY AVE,1
877,1916 N MILWAUKEE AVE,1
878,2052 W 36TH ST,1
879,1123 W BERWYN AVE,1
880,3657 N BERNARD ST,1
882,5150 S PULASKI RD,1
718,7112 N HARLEM AVE,1
883,5035 N KENMORE AVE,1
884,2945 W PETERSON AVE,1
885,5107 S HOMAN AVE,1
886,2734 W AUGUSTA BLVD,1
887,3950 N CENTRAL AVE,1
888,3150 W WELLINGTON AVE,1
889,1857 N DAMEN AVE,1
890,4006 S WESTERN AVE,1
891,908 W SHERIDAN RD,1
892,810 W BELMONT AVE,1
893,3553 S MORGAN ST,1
894,1820 W 35TH ST,1
866,3252 W ARMITAGE AVE,1
865,2328 W ARTHUR AVE,1
864,4460 W BELMONT AVE,1
863,6000 S KOMENSKY AVE,1
838,2324 N KEELER AVE,1
839,3600 W 60TH ST,1
840,4302 N KOSTNER AVE,1
841,1802 S ASHLAND AVE,1
842,1660 N LA SALLE DR,1
843,2957 W DICKENS AVE,1
844,2001 S LAKE SHORE DR,1
845,5138 N DAMEN AVE,1
846,4009 W 60TH ST,1
847,3830 W 59TH ST,1
848,3159 W ARGYLE ST,1
849,5032 N N BRANCH CHICAGO RIVER,1
850,4739 W 84TH PL,1
851,3657 W FULLERTON AVE,1
852,3043 N SAWYER AVE,1
853,3141 W GRACE ST,1
854,1310 N WESTERN AVE,1
855,5539 W ALTGELD ST,1
856,6809 N ROCKWELL ST,1
857,1900 N CENTRAL PARK AVE,1
858,4214 N KENMORE AVE,1
859,3238 W BRYN MAWR AVE,1
860,4343 N WESTERN AVE,1
861,2358 N MENARD AVE,1
862,8100 S PULASKI RD,1
895,5845 S TALMAN AVE,1
896,5963 W DICKENS AVE,1
897,5818 S WOLCOTT AVE,1
926,2714 W PRATT BLVD,1
928,2741 S KOMENSKY AVE,1
929,1956 N ROCKWELL ST,1
930,4141 W 59TH ST,1
931,3110 S ASHLAND AVE,1
932,4948 N WESTERN AVE,1
933,1500 S LOOMIS ST,1
934,100 S LEAVITT ST,1
935,2252 N MILWAUKEE AVE,1
936,1619 W 21ST ST,1
937,705 N ASHLAND AVE,1
938,3515 N SACRAMENTO AVE,1
939,2217 S KEDZIE AVE,1
940,2413 S ARCHER AVE,1
941,2717 N MAPLEWOOD AVE,1
942,3431 N DAMEN AVE,1
943,2143 S WESTERN AVE,1
944,3001 S CENTRAL PARK AVE,1
945,8238 S SCOTTSDALE AVE,1
946,500 S KEDZIE AVE,1
947,750 W FULLERTON AVE,1
948,3041 S ASHLAND AVE,1
949,1465 W DIVERSEY PKWY,1
950,1058 W 34TH PL,1
951,3519 S WINCHESTER AVE,1
952,3541 W LAWRENCE AVE,1
927,2342 W BELMONT AVE,1
925,930 N HALSTED ST,1
898,4327 S RICHMOND ST,1
924,3064 N MILWAUKEE AVE,1
899,4857 N SACRAMENTO AVE,1
900,3958 W ARGYLE ST,1
901,1735 W 18TH ST,1
902,1410 W LUNT AVE,1
903,2203 S HALSTED ST,1
904,1164 W GRAND AVE,1
905,5923 N TALMAN AVE,1
906,3112 W MONTROSE AVE,1
907,5108 S HAMLIN AVE,1
908,3606 S HOYNE AVE,1
909,5804 S ALBANY AVE,1
910,5559 S ROCKWELL ST,1
911,2627 W DIVERSEY AVE,1
912,2036 N PULASKI RD,1
913,6347 N TROY ST,1
914,826 S WESTERN AVE,1
915,3613 W ADDISON ST,1
916,2045 W HOWARD ST,1
917,1146 W 18TH ST,1
918,4403 S FRANCISCO AVE,1
919,3856 W 83RD ST,1
920,818 W NORTH AVE,1
921,1610 N ELSTON AVE,1
922,4908 W ADDISON ST,1
923,2018 N ASHLAND AVE,1
837,3150 W 38TH PL,1
836,3735 S WINCHESTER AVE,1
835,1956 W 48TH ST,1
747,5019 W FULLERTON AVE,1
749,3142 N KEDZIE AVE,1
750,5155 N OAKLEY AVE,1
751,942 N NOBLE ST,1
753,1337 W COLUMBIA AVE,1
754,2254 N ELSTON AVE,1
755,3144 N KENMORE AVE,1
756,425 W NORTH AVE,1
757,5155 S TRIPP AVE,1
758,3248 W WELLINGTON AVE,1
759,2350 W OHIO ST,1
760,5647 N LINCOLN AVE,1
761,4310 W 63RD ST,1
762,4839 S WINCHESTER AVE,1
763,8757 S HOUSTON AVE,1
764,8540 S PULASKI RD,1
765,318 N MORGAN ST,1
766,3225 N SOUTHPORT AVE,1
767,3545 N SHEFFIELD AVE,1
768,3100 S WESTERN AVE,1
769,4850 S KEDZIE AVE,1
770,4611 S WASHTENAW AVE,1
771,3358 N KEATING AVE,1
772,3816 W 24TH ST,1
773,1880 N MILWAUKEE AVE,1
774,7601 S DAMEN AVE,1
748,3641 W 55TH ST,1
746,2543 W NORTH AVE,1
776,926 W 69TH ST,1
745,4302 W 55TH ST,1
719,3154 N SACRAMENTO AVE,1
720,3949 S KEDZIE AVE,1
721,3130 W ARMITAGE AVE,1
722,4126 N LINCOLN AVE,1
723,4015 W 24TH ST,1
724,3559 S HOYNE AVE,1
725,4350 W FORD CITY DR,1
726,1755 N MAPLEWOOD AVE,1
727,4603 N MAGNOLIA AVE,1
728,2315 W WAVELAND AVE,1
729,3128 W BLOOMINGDALE AVE,1
730,3824 N LINCOLN AVE,1
731,5103 N ALBANY AVE,1
732,1244 W ARTHUR AVE,1
733,912 W CULLERTON ST,1
734,3529 N LAWNDALE AVE,1
735,5318 S KENNETH AVE,1
736,4346 S KEDVALE AVE,1
737,4110 W WRIGHTWOOD AVE,1
739,1562 N DAMEN AVE,1
740,5315 S KOSTNER AVE,1
741,5001 S HERMITAGE AVE,1
742,3045 W BELMONT AVE,1
743,2300 W FARWELL AVE,1
744,3501 S RACINE AVE,1
775,3568 N ELSTON AVE,1
777,5558 N VIRGINIA AVE,1
834,2557 N CALIFORNIA AVE,1
807,3229 W 26TH ST,1
809,419 W 29TH ST,1
810,1238 W 51ST ST,1
811,5558 S ASHLAND AVE,1
812,3742 S ASHLAND AVE,1
813,2241 W HOWARD ST,1
814,5700 S KENTON AVE,1
815,3157 N BERNARD ST,1
816,2853 W CERMAK RD,1
817,3009 N KEDZIE AVE,1
818,2859 S PULASKI RD,1
819,7521 N WESTERN AVE,1
820,5716 S ASHLAND AVE,1
821,6803 S KOSTNER AVE,1
822,208 N CALIFORNIA AVE,1
823,2149 W WALTON ST,1
824,9400 S HARPER AVE,1
825,2601 S HILLOCK AVE,1
826,3439 N SHEFFIELD AVE,1
827,3303 S ABERDEEN ST,1
828,2759 S AVERS AVE,1
829,4758 S KENNETH AVE,1
830,4818 S ASHLAND AVE,1
831,3600 W 64TH ST,1
832,2405 N MILWAUKEE AVE,1
833,5060 S ARCHER AVE,1
808,4332 W 53RD ST,1
806,3950 S CALIFORNIA AVE,1
778,2419 W GEORGE ST,1
805,4000 S WESTERN AVE,1
779,2924 W CULLOM AVE,1
780,2724 W CERMAK RD,1
781,4432 W IRVING PARK RD,1
782,1155 W ROOSEVELT RD,1
783,8415 S PULASKI RD,1
784,3401 W DIVERSEY AVE,1
785,5001 W LAWRENCE AVE,1
786,5309 N DAMEN AVE,1
787,7445 S LUELLA AVE,1
788,4201 S MARSHFIELD AVE,1
789,2123 W WILSON AVE,1
791,3128 W NORTH AVE,1
792,2318 W LE MOYNE ST,1
793,3234 N LAMON AVE,1
794,2526 W CERMAK RD,1
795,1345 N ROCKWELL ST,1
796,3037 W 38TH PL,1
797,1701 N MILWAUKEE AVE,1
798,2833 N ORCHARD ST,1
799,2427 N MILWAUKEE AVE,1
800,5237 S SPAULDING AVE,1
801,5215 N WESTERN AVE,1
802,4755 N LINCOLN AVE,1
803,2439 W DIVERSEY AVE,1
804,214 E 71ST ST,1
478,3429 W 47TH ST,1
476,915 W MONTANA ST,1
983,4125 W WILCOX ST,1
164,921 W ARMITAGE AVE,1
151,3737 N OAKLEY AVE,1
152,2163 N CENTRAL PARK AVE,1
153,1613 W MONTROSE AVE,1
154,3222 N KIMBALL AVE,1
155,3159 S SPRINGFIELD AVE,1
156,3122 W BRYN MAWR AVE,1
158,3701 N SHEFFIELD AVE,1
159,2006 W WABANSIA AVE,1
160,10116 S AVENUE L,1
161,2632 N AUSTIN AVE,1
162,1506 W CULLERTON ST,1
163,4441 N KEDZIE AVE,1
165,2849 N ELSTON AVE,1
118,5259 S ALBANY AVE,1
166,3311 N SHEFFIELD AVE,1
167,3709 W ARMITAGE AVE,1
168,2701 N KILDARE AVE,1
169,5655 N MAGNOLIA AVE,1
171,2803 N GREENVIEW AVE,1
172,2135 W HOWARD ST,1
173,2639 N MILWAUKEE AVE,1
174,1062 N ASHLAND AVE,1
175,1659 N LOWELL AVE,1
176,7180 W ADDISON ST,1
177,3801 S SPAULDING AVE,1
178,233 N MICHIGAN AVE,1
150,1339 N MILWAUKEE AVE,1
149,4933 S ASHLAND AVE,1
148,1959 W 34TH PL,1
147,4955 S PULASKI RD,1
120,3325 S HAMILTON AVE,1
121,2700 W DIVISION ST,1
122,1201 N CLARK ST,1
123,2052 W MONTROSE AVE,1
124,6048 W IRVING PARK RD,1
125,2402 W TAYLOR ST,1
126,2501 W CERMAK RD,1
127,3458 W 38TH PL,1
129,4531 N CLARK ST,1
130,2945 W 59TH ST,1
131,3522 N GREENVIEW AVE,1
132,2752 N MOODY AVE,1
133,3219 N ELSTON AVE,1
134,1332 E 79TH ST,1
135,3300 N KEDZIE AVE,1
137,5055 S HOMAN AVE,1
138,4229 N CENTRAL PARK AVE,1
139,10818 S MICHIGAN AVE,1
140,6964 N WOLCOTT AVE,1
141,2629 N KEDZIE AVE,1
142,2204 W MONTROSE AVE,1
143,4642 N MONTICELLO AVE,1
144,4312 W 55TH ST,1
145,227 W ONTARIO ST,1
146,3000 S HAMLIN AVE,1
179,8454 S EXCHANGE AVE,1
180,4752 N SEELEY AVE,1
181,2643 N MILWAUKEE AVE,1
212,3604 W 64TH ST,1
214,2824 W MARQUETTE RD,1
215,1043 N CALIFORNIA AVE,1
216,320 W 48TH PL,1
217,3124 W 25TH ST,1
218,1000 W WRIGHTWOOD AVE,1
219,3710 S ARCHER AVE,1
220,3100 W FILLMORE ST,1
221,2620 W OGDEN AVE,1
222,4920 S WESTERN AVE,1
223,4808 W LAKE ST,1
224,11336 S VINCENNES AVE,1
225,5100 W LAWRENCE AVE,1
226,398 S WACKER DR,1
227,2850 S KOMENSKY AVE,1
228,5741 S NEWCASTLE AVE,1
229,2156 W LAKE ST,1
230,2443 W 36TH ST,1
231,7318 N OAKLEY AVE,1
232,1318 W BELMONT AVE,1
233,2622 W 55TH ST,1
234,2847 N SHEFFIELD AVE,1
235,3201 W GEORGE ST,1
236,2914 W POPE JOHN PAUL II DR,1
237,4015 N CENTRAL AVE,1
238,2442 N MILWAUKEE AVE,1
213,4301 S SPAULDING AVE,1
211,3143 W 47TH ST,1
182,1429 N MILWAUKEE AVE,1
210,1654 W 48TH ST,1
183,3458 W 63RD ST,1
184,2711 N MILWAUKEE AVE,1
185,2758 S MILLARD AVE,1
187,3548 W 57TH PL,1
188,5126 S KEDZIE AVE,1
189,2551 N PULASKI RD,1
191,2759 W THORNDALE AVE,1
192,4001 W BELDEN AVE,1
193,4354 N SAWYER AVE,1
194,1803 S WESTERN AVE,1
195,4141 W 31ST ST,1
196,2332 W AUGUSTA BLVD,1
197,1509 S STATE ST,1
198,3725 N RACINE AVE,1
199,1704 N MILWAUKEE AVE,1
200,415 W 38TH ST,1
201,3200 S RACINE AVE,1
202,3029 N KEDZIE AVE,1
203,2747 N MILWAUKEE AVE,1
204,4004 N AUSTIN AVE,1
205,4051 N SPAULDING AVE,1
206,3900 W 63RD ST,1
207,3246 W 26TH ST,1
208,3654 W 61ST ST,1
209,3816 W 55TH ST,1
119,4219 N LINCOLN AVE,1
117,5500 S WESTERN AVE,1
475,3001 S AVERS AVE,1
44,5020 S KEDZIE AVE,1
32,3354 N CLARK ST,1
33,3323 S WESTERN AVE,1
34,4601 W CORTLAND ST,1
35,9329 S ESCANABA AVE,1
36,5456 S PULASKI RD,1
37,4713 N BERNARD ST,1
38,4919 S RACINE AVE,1
39,1557 W FULLERTON AVE,1
40,4046 W NORTH AVE,1
41,2821 N LAKE SHORE DR,1
42,1704 W 35TH ST,1
43,1805 W BELLE PLAINE AVE,1
45,4156 N KIMBALL AVE,1
116,2657 E 93RD ST,1
46,1725 S ASHLAND AVE,1
47,4930 S KEATING AVE,1
48,1066 N MILWAUKEE AVE,1
49,5953 W 63RD ST,1
50,3846 S ARCHER AVE,1
51,9314 S ESCANABA AVE,1
52,3051 W FULLERTON AVE,1
53,5040 W BELMONT AVE,1
54,3340 W 77TH ST,1
55,3140 S ARCHER AVE,1
56,2314 S WENTWORTH AVE,1
57,4754 S UNION AVE,1
31,2550 W 35TH ST,1
30,3423 W CULLOM AVE,1
29,379 E KENSINGTON AVE,1
28,3655 N ASHLAND AVE,1
2,4157 W AUGUSTA BLVD,1
3,6348 N GREENVIEW AVE,1
4,5657 N LINCOLN AVE,1
5,1760 W BELMONT AVE,1
6,2705 W ARMITAGE AVE,1
7,2595 N MILWAUKEE AVE,1
8,2656 W LAWRENCE AVE,1
9,949 W MONTANA ST,1
10,5808 W NORTH AVE,1
11,1841 W WALNUT ST,1
12,3937 W 61ST ST,1
13,2743 W 36TH PL,1
14,5550 S ARCHER AVE,1
15,3132 W DIVERSEY AVE,1
16,3221 W LAWRENCE AVE,1
17,3357 N BELL AVE,1
19,2710 W 55TH ST,1
20,2711 N CLARK ST,1
21,4959 S ARTESIAN AVE,1
22,2937 W ADDISON ST,1
23,1947 W PATTERSON AVE,1
24,1525 N MILWAUKEE AVE,1
25,4059 W 47TH ST,1
26,5056 W FULLERTON AVE,1
27,2900 S CALIFORNIA AVE,1
58,7377 N ROGERS AVE,1
59,2069 N WESTERN AVE,1
60,3336 N CLARK ST,1
89,1632 N MILWAUKEE AVE,1
91,2948 W 55TH ST,1
92,2259 N KILBOURN AVE,1
93,6201 W GRAND AVE,1
94,3201 N KEELER AVE,1
95,1041 W WILSON AVE,1
96,3126 W 26TH ST,1
97,1900 W LAWRENCE AVE,1
98,3800 N PULASKI RD,1
99,2400 N MILWAUKEE AVE,1
100,5700 W LAKE ST,1
101,2637 W MONTGOMERY AVE,1
102,1616 S HALSTED ST,1
103,4241 S MARSHFIELD AVE,1
104,5458 W GEORGE ST,1
105,4115 N KIMBALL AVE,1
106,3101 W IRVING PARK RD,1
107,5111 N ALBANY AVE,1
108,607 W HARRISON ST,1
109,3900 W IRVING PARK RD,1
110,4300 W 55TH ST,1
111,4809 N KEDZIE AVE,1
112,3941 W LAWRENCE AVE,1
113,2015 S LAFLIN ST,1
114,3308 W 60TH PL,1
115,3306 W ADDISON ST,1
90,2080 N MILWAUKEE AVE,1
88,4533 N SPAULDING AVE,1
61,4132 W ARMITAGE AVE,1
87,2518 W FULLERTON AVE,1
62,4244 N WOLCOTT AVE,1
63,2707 W DIVISION ST,1
64,4159 W ADAMS ST,1
65,5105 S PULASKI RD,1
66,4615 N MALDEN ST,1
67,6501 S ALBANY AVE,1
68,4800 S HARDING AVE,1
69,3921 S KARLOV AVE,1
70,2905 W ADDISON ST,1
71,2399 W 42ND ST,1
72,4211 W 60TH ST,1
73,3757 W 57TH ST,1
74,1208 N MILWAUKEE AVE,1
75,1421 W BLACKHAWK ST,1
76,3018 N WHIPPLE ST,1
77,1411 N ELSTON AVE,1
78,2759 W LAKE ST,1
79,2558 W 47TH ST,1
80,2623 N EMMETT ST,1
81,1842 N MILWAUKEE AVE,1
82,2610 W WARREN BLVD,1
83,2745 N MILWAUKEE AVE,1
84,3035 N MILWAUKEE AVE,1
85,4602 W 82ND PL,1
86,1824 S CARPENTER ST,1
239,6025 W PATTERSON AVE,1
240,2050 W 47TH ST,1
242,3058 S AVERS AVE,1
402,1210 W 51ST ST,1
389,745 W LAKE ST,1
390,3215 W BELMONT AVE,1
391,5309 S KEDZIE AVE,1
393,434 N COLUMBUS DR,1
394,3611 S ARCHER AVE,1
395,2817 W BELMONT AVE,1
396,2603 W SUNNYSIDE AVE,1
397,4900 W AINSLIE ST,1
398,2748 S LAWNDALE AVE,1
399,2221 S CALIFORNIA AVE,1
400,222 S PULASKI RD,1
401,1818 W 35TH ST,1
403,3147 N SAWYER AVE,1
243,2118 W 49TH PL,1
404,1223 W WILSON AVE,1
405,2709 N ASHLAND AVE,1
406,5311 S KEDZIE AVE,1
407,4601 W ROSCOE ST,1
408,2621 W FLETCHER ST,1
409,3101 W PERSHING RD,1
410,2607 W WILSON AVE,1
411,2943 W ARMITAGE AVE,1
412,8058 S DAMEN AVE,1
413,2751 W 22ND PL,1
414,4547 N CLARK ST,1
415,6347 N RICHMOND ST,1
388,4747 N DAMEN AVE,1
387,9315 S BALTIMORE AVE,1
386,4359 W ROSCOE ST,1
385,958 W DIVERSEY PKWY,1
360,6901 N WESTERN AVE,1
361,2339 W TOUHY AVE,1
362,1419 W CARROLL AVE,1
363,4411 W WELLINGTON AVE,1
364,1958 N MILWAUKEE AVE,1
365,1794 W BERTEAU AVE,1
366,2966 W ROSCOE ST,1
367,6859 S KOLIN AVE,1
368,4314 W 26TH ST,1
369,7717 S KOLMAR AVE,1
370,5959 W ADDISON ST,1
371,701 N WELLS ST,1
372,2551 W ARTHUR AVE,1
373,5050 S BISHOP ST,1
374,7805 S ASHLAND AVE,1
375,447 W 31ST ST,1
376,4549 W 59TH ST,1
377,6000 W DIVERSEY AVE,1
378,725 W RANDOLPH ST,1
379,1700 N MILWAUKEE AVE,1
380,1619 W NORTH SHORE AVE,1
381,805 N ASHLAND AVE,1
382,2411 S WENTWORTH AVE,1
383,3734 W 79TH ST,1
384,3207 N SHEFFIELD AVE,1
416,1909 W ROSCOE ST,1
417,4357 W ARMITAGE AVE,1
418,4701 N DAMEN AVE,1
447,2800 W GRAND AVE,1
449,5132 S KEATING AVE,1
450,4952 S TRIPP AVE,1
451,2505 S ELEANOR ST,1
452,6509 S BLACKSTONE AVE,1
453,1318 W ELMDALE AVE,1
454,2650 W PETERSON AVE,1
455,5401 S SAWYER AVE,1
456,4456 W ARMITAGE AVE,1
457,4109 S ARCHER AVE,1
458,3458 W MONTROSE AVE,1
459,5808 W ADDISON ST,1
460,3539 W GRACE ST,1
461,2400 W WABANSIA AVE,1
462,2444 W MONTROSE AVE,1
464,1417 N MILWAUKEE AVE,1
465,3710 S WESTERN AVE,1
466,1200 S STATE ST,1
467,3108 W BELMONT AVE,1
468,2132 W MONTROSE AVE,1
469,3103 W LOGAN BLVD,1
470,3150 N CHRISTIANA AVE,1
471,5701 S LAFLIN ST,1
472,1340 N WESTERN AVE,1
473,2109 W ADDISON ST,1
474,3820 W 63RD ST,1
448,8111 S PULASKI RD,1
446,300 N DAMEN AVE,1
419,2703 N CLARK ST,1
445,2550 N WESTERN AVE,1
420,2609 S ST LOUIS AVE,1
421,3314 W GRAND AVE,1
422,1604 W FULLERTON AVE,1
423,1330 N MILWAUKEE AVE,1
424,3627 N RICHMOND ST,1
425,2001 W 23RD ST,1
426,3224 N LAWNDALE AVE,1
427,6037 S KEDZIE AVE,1
428,3825 W 63RD ST,1
429,1547 N WESTERN AVE,1
430,6816 S KILBOURN AVE,1
431,2421 W 103RD ST,1
432,5258 S TRIPP AVE,1
433,2640 W 56TH ST,1
434,3546 W ADDISON ST,1
435,4413 W WELLINGTON AVE,1
436,1111 W BERWYN AVE,1
437,5342 W NELSON ST,1
438,6443 N TALMAN AVE,1
439,5491 S EVERETT AVE,1
440,2004 N MILWAUKEE AVE,1
441,1958 W LAWRENCE AVE,1
442,8105 S PULASKI RD,1
443,1640 W DIVISION ST,1
444,2253 W BELMONT AVE,1
359,3647 S WASHTENAW AVE,1
358,4641 N DAMEN AVE,1
357,1955 W DIVISION ST,1
271,11342 S MICHIGAN AVE,1
273,6015 S PULASKI RD,1
274,5016 S PULASKI RD,1
275,2301 S GROVE ST,1
276,1842 W 47TH ST,1
277,1756 W GRACE ST,1
278,731 N WELLS ST,1
279,5017 W ALTGELD ST,1
280,2900 W CERMAK RD,1
281,2215 S ALBANY AVE,1
282,3559 W DIVERSEY AVE,1
283,4801 N WOLCOTT AVE,1
284,3014 W SUNNYSIDE AVE,1
285,2058 W 33RD ST,1
286,1457 N MILWAUKEE AVE,1
287,2103 N PULASKI RD,1
288,1233 W ROOSEVELT RD,1
289,1901 W MONTROSE AVE,1
290,1602 N MILWAUKEE AVE,1
291,4029 W IRVING PARK RD,1
292,2950 N CAMPBELL AVE,1
293,7159 N ROGERS AVE,1
294,3076 N ELSTON AVE,1
295,2158 S KEDZIE AVE,1
296,3200 S SEELEY AVE,1
297,3240 W FULLERTON AVE,1
272,2613 W ARTHUR AVE,1
270,719 N STATE ST,1
299,4250 N ST LOUIS AVE,1
269,10721 S AVENUE N,1
244,1646 N DAMEN AVE,1
245,6836 S RIDGELAND AVE,1
246,5440 S PULASKI RD,1
247,5001 N WINCHESTER AVE,1
248,1701 N FAIRFIELD AVE,1
249,1916 W BIRCHWOOD AVE,1
250,1420 S WESTERN AVE,1
251,4506 N SIMONDS DR,1
252,949 S KARLOV AVE,1
253,1578 N MILWAUKEE AVE,1
254,3151 W FULLERTON AVE,1
255,1937 N SHEFFIELD AVE,1
256,1342 W RANDOLPH ST,1
257,1551 W CORTLAND ST,1
258,856 W BELMONT AVE,1
259,3139 W 42ND ST,1
260,5843 S WESTERN AVE,1
261,2310 W FOSTER AVE,1
262,4921 W AINSLIE ST,1
263,5239 S KEDZIE AVE,1
264,3036 W ARGYLE ST,1
265,3511 W ARMITAGE AVE,1
266,534 N ST CLAIR ST,1
267,1239 W 18TH ST,1
268,3323 S CLAREMONT AVE,1
298,2401 W ADAMS ST,1
300,6700 W GRAND AVE,1
356,5101 S RIDGEWAY AVE,1
329,5117 N ALBANY AVE,1
331,5245 W FULLERTON AVE,1
332,4814 S PULASKI RD,1
333,1136 W DIVERSEY PKWY,1
334,2513 S HOMAN AVE,1
335,2928 W FULLERTON AVE,1
336,240 N WESTERN AVE,1
337,2829 N ORCHARD ST,1
338,5538 W FULLERTON AVE,1
339,1334 N WESTERN AVE,1
340,5514 S SPAULDING AVE,1
341,5322 S KEDZIE AVE,1
342,4055 N KIMBALL AVE,1
343,2119 N MILWAUKEE AVE,1
344,5633 S ASHLAND AVE,1
345,2509 W 47TH ST,1
346,10708 S YATES AVE,1
347,4033 W IRVING PARK RD,1
348,4252 W 47TH ST,1
349,1132 S HOMAN AVE,1
350,5744 S WHIPPLE ST,1
351,3860 W FULLERTON AVE,1
352,3539 W BELMONT AVE,1
353,1101 W BERWYN AVE,1
354,2502 W ARMITAGE AVE,1
355,6158 N HARLEM AVE,1
330,2348 S KEELER AVE,1
328,5001 S SPAULDING AVE,1
301,3819 W LAWRENCE AVE,1
327,5801 W DIVERSEY AVE,1
302,200 E 24TH PL,1
303,1974 W LAWRENCE AVE,1
304,3455 N ALBANY AVE,1
305,1538 N MILWAUKEE AVE,1
306,8601 S COLFAX AVE,1
307,5250 S KOLIN AVE,1
308,3152 N SPAULDING AVE,1
309,4147 S KEDZIE AVE,1
310,1547 W THOMAS ST,1
311,894 S MICHIGAN AVE,1
312,4272 S ARCHER AVE,1
313,3155 W 46TH ST,1
314,3611 N WESTERN AVE,1
315,2346 W CHICAGO AVE,1
316,3421 W ADDISON ST,1
317,3505 W 57TH ST,1
318,2936 W LAWRENCE AVE,1
319,3322 S HALSTED ST,1
320,1800 W MONTROSE AVE,1
321,1301 W ALBION AVE,1
322,1371 W FARWELL AVE,1
323,4033 S ARCHER AVE,1
324,5600 N CALIFORNIA AVE,1
325,3915 S WESTERN BLVD,1
326,3436 N OSCEOLA AVE,1
953,3956 W 54TH ST,1
954,2308 W LELAND AVE,1
955,4719 S KEDVALE AVE,1
638,3323 W GRAND AVE,1
626,311 W 106TH ST,1
627,2023 W 69TH PL,1
628,5612 S HERMITAGE AVE,1
629,7128 S SANGAMON ST,1
630,6852 W ARCHER AVE,1
631,11433 S PRAIRIE AVE,1
632,1250 W 112TH ST,1
633,12519 S EMERALD AVE,1
634,543 E 92ND ST,1
635,1519 W 77TH ST,1
636,6728 S MAPLEWOOD AVE,1
637,4053 W CRYSTAL ST,1
639,7130 S YATES BLVD,1
592,3516 S WINCHESTER AVE,1
640,3554 S PRAIRIE AVE,1
641,7329 S HONORE ST,1
642,6124 S CARPENTER ST,1
643,3124 W WALTON ST,1
644,717 S CARPENTER ST,1
645,2828 S PULASKI RD,1
646,12134 S EGGLESTON AVE,1
647,3502 W HURON ST,1
649,159 W 74TH ST,1
650,1541 S KARLOV AVE,1
651,3954 W ONTARIO ST,1
652,4714 W VAN BUREN ST,1
625,5944 S BISHOP ST,1
624,7356 S CHAMPLAIN AVE,1
623,7311 S HERMITAGE AVE,1
622,2023 W 69TH ST,1
595,6820 S PAULINA ST,1
596,7400 S MARYLAND AVE,1
597,6539 S UNIVERSITY AVE,1
598,444 W WINNECONNA PKWY,1
599,7318 S MARYLAND AVE,1
600,729 N LOCKWOOD AVE,1
601,6228 S ARTESIAN AVE,1
602,2646 W AUGUSTA BLVD,1
603,10139 S EMERALD AVE,1
604,2850 W POLK ST,1
605,439 W 110TH PL,1
607,11548 S PERRY AVE,1
608,3837 W WILCOX ST,1
609,3410 W WALNUT ST,1
611,6949 S ELIZABETH ST,1
612,1424 N HARDING AVE,1
613,169 W 74TH ST,1
614,5829 W WALTON ST,1
615,2350 W MEDILL AVE,1
616,3842 W ADAMS ST,1
617,7131 S KEDZIE AVE,1
618,1536 N PULASKI RD,1
619,921 W 59TH ST,1
620,6612 S HERMITAGE AVE,1
621,6458 W 60TH ST,1
653,13433 S HOUSTON AVE,1
654,7229 S ABERDEEN ST,1
655,9618 S MERRION AVE,1
685,4049 N RICHMOND ST,1
687,7951 S GREEN ST,1
688,7206 S EUCLID AVE,1
689,3411 W FULTON BLVD,1
691,2330 S KEDZIE AVE,1
692,5219 S LAFLIN ST,1
693,7636 S EGGLESTON AVE,1
694,7255 S YALE AVE,1
695,9300 S LAFAYETTE AVE,1
696,5435 S JUSTINE ST,1
697,3020 W WASHINGTON BLVD,1
698,10403 S COTTAGE GROVE AVE,1
699,9204 S PEORIA ST,1
700,820 N MONTICELLO AVE,1
701,7831 S MAY ST,1
702,1445 E 67TH PL,1
703,2431 W FLOURNOY ST,1
705,7039 S WABASH AVE,1
706,2801 E 77TH PL,1
707,6754 S MAY ST,1
708,7731 S ST LOUIS AVE,1
709,528 N KEDZIE AVE,1
710,1833 S PEORIA ST,1
711,1122 W 18TH PL,1
712,10409 S FOREST AVE,1
714,6643 S RACINE AVE,1
686,6920 S ASHLAND AVE,1
684,8718 S CRANDON AVE,1
656,2871 E 77TH ST,1
683,2228 S SACRAMENTO AVE,1
657,5933 S INDIANA AVE,1
658,3607 W 64TH ST,1
659,11613 S CAMPBELL AVE,1
660,7653 S DOBSON AVE,1
661,7836 S RIDGELAND AVE,1
662,2145 W PERSHING RD,1
663,6746 S LANGLEY AVE,1
664,7654 S NORMAL AVE,1
665,2169 W PERSHING RD,1
666,9047 S LOOMIS ST,1
667,1345 E 61ST ST,1
668,10828 S INDIANA AVE,1
670,2948 W WILCOX ST,1
671,7327 S HONORE ST,1
672,7232 S PAULINA ST,1
673,12356 S WENTWORTH AVE,1
674,10154 S DR MARTIN LUTHER KING JR DR,1
675,7808 S CHAMPLAIN AVE,1
676,5300 S LOWE AVE,1
677,8041 S BURNHAM AVE,1
678,32 E 117TH ST,1
679,12920 S WALLACE ST,1
680,10441 S COTTAGE GROVE AVE,1
681,4043 W CARROLL AVE,1
682,7603 S EGGLESTON AVE,1
593,10735 S CHURCH ST,1
590,2335 N WESTERN AVE,1
956,3054 W ADDISON ST,1
509,5005 S ELIZABETH ST,1
496,9956 S PARNELL AVE,1
497,7544 S EGGLESTON AVE,1
498,4234 S DREXEL BLVD,1
499,3563 W CORTLAND ST,1
500,9924 S MORGAN ST,1
501,5333 S HARLEM AVE,1
502,2726 N MELVINA AVE,1
503,1301 S HEATH AVE,1
504,5351 S PEORIA ST,1
505,3313 N KENNETH AVE,1
507,7741 S HOYNE AVE,1
508,1030 W 104TH PL,1
510,5429 S WINCHESTER AVE,1
589,7225 S WASHTENAW AVE,1
511,9723 S MERRILL AVE,1
512,1822 N WOLCOTT AVE,1
513,1916 S SAWYER AVE,1
514,8913 S NORMAL AVE,1
515,6548 S ROSS AVE,1
516,701 N RIDGEWAY AVE,1
517,4513 W WASHINGTON BLVD,1
518,5143 S MAY ST,1
519,4204 W THOMAS ST,1
520,1143 W 111TH PL,1
521,7740 S DR MARTIN LUTHER KING JR DR,1
522,3506 W WALNUT ST,1
495,229 W 110TH PL,1
494,2707 W ADAMS ST,1
493,7342 S BLACKSTONE AVE,1
492,717 W 59TH ST,1
465,2707 S HILLOCK AVE,1
466,8033 S CHAPPEL AVE,1
468,9155 S GREEN ST,1
469,4621 W 63RD ST,1
470,8828 S EAST END AVE,1
471,8033 S VINCENNES AVE,1
472,7133 S WABASH AVE,1
473,5155 S TALMAN AVE,1
474,829 N CENTRAL PARK AVE,1
475,7002 S WOLCOTT AVE,1
476,9318 S ESCANABA AVE,1
477,133 W 109TH ST,1
478,5533 S JUSTINE ST,1
479,4326 W MONROE ST,1
480,7318 S ABERDEEN ST,1
481,149 W 109TH ST,1
482,119 W 109TH ST,1
483,10832 S WABASH AVE,1
484,10836 S WABASH AVE,1
485,10736 S PRAIRIE AVE,1
486,7629 S KINGSTON AVE,1
488,845 W 54TH ST,1
489,6500 S ST LAWRENCE AVE,1
490,4837 W HIRSCH ST,1
491,6048 S NORMAL BLVD,1
523,6562 S ROSS AVE,1
524,3504 W WALNUT ST,1
525,7035 S MAY ST,1
556,7339 S PRINCETON AVE,1
558,11759 S WALLACE ST,1
559,347 E 107TH ST,1
560,11115 S EGGLESTON AVE,1
561,11436 S CALUMET AVE,1
562,8422 S DR MARTIN LUTHER KING JR DR,1
563,11127 S EGGLESTON AVE,1
565,932 N HOYNE AVE,1
566,833 N ST LOUIS AVE,1
567,6432 S STEWART AVE,1
568,1232 W 96TH ST,1
569,5722 S RACINE AVE,1
570,6409 S PAULINA ST,1
571,2828 W FULTON ST,1
573,1621 N LATROBE AVE,1
574,5450 S PAULINA ST,1
575,4507 W MAYPOLE AVE,1
577,6746 S CHAMPLAIN AVE,1
578,1236 W 96TH ST,1
581,7007 S PERRY AVE,1
582,1428 W 112TH PL,1
583,1021 W 103RD ST,1
584,6226 S ABERDEEN ST,1
585,3050 N NAGLE AVE,1
586,7020 S CORNELL AVE,1
588,9622 S PERRY AVE,1
557,2306 W MAYPOLE AVE,1
555,10221 S LAFAYETTE AVE,1
526,13335 S BUFFALO AVE,1
553,6429 S WOLCOTT AVE,1
527,7844 S DOBSON AVE,1
528,126 N KILBOURN AVE,1
529,3500 W WALNUT ST,1
530,5318 S KEDZIE AVE,1
531,1158 S RACINE AVE,1
532,1922 N LOWELL AVE,1
533,7955 S LAFLIN ST,1
534,2227 N KEYSTONE AVE,1
535,2222 S DRAKE AVE,1
536,9725 S MERRILL AVE,1
537,203 N PARKSIDE AVE,1
538,1928 S SAWYER AVE,1
539,1516 N RIDGEWAY AVE,1
540,4733 S PAULINA ST,1
541,155 W BRAYTON ST,1
542,6122 S CHAMPLAIN AVE,1
543,6433 S ABERDEEN ST,1
544,1040 N AVERS AVE,1
546,12201 S HARVARD AVE,1
547,3010 W 111TH ST,1
548,8257 S BUFFALO AVE,1
549,2723 W CONGRESS PKWY,1
550,700 S WINCHESTER AVE,1
551,7994 S EBERHART AVE,1
552,10635 S MICHIGAN AVE,1
715,1222 N WOOD ST,1
716,1343 W 59TH ST,1
717,6700 S HONORE ST,1
891,4614 N KOSTNER AVE,1
879,5609 S SEELEY AVE,1
880,10141 S UNION AVE,1
881,1128 W ADDISON ST,1
882,3205 S HARDING AVE,1
883,9756 S UNION AVE,1
884,3901 W GLADYS AVE,1
885,10814 S INDIANA AVE,1
886,9232 S UNIVERSITY AVE,1
887,3917 W FLOURNOY ST,1
888,6814 S CARPENTER ST,1
889,3012 N HOYNE AVE,1
890,9158 S AVALON AVE,1
892,6800 S CARPENTER ST,1
719,3908 W 66TH PL,1
893,6835 S CARPENTER ST,1
894,4155 W 78TH PL,1
895,400 N LAWLER AVE,1
896,6812 S CARPENTER ST,1
897,3322 W VAN BUREN ST,1
898,6810 S CARPENTER ST,1
899,5222 S MORGAN ST,1
901,6837 S CARPENTER ST,1
902,6142 S HONORE ST,1
903,6542 S EMERALD AVE,1
904,5326 S PAULINA ST,1
905,6041 S KOMENSKY AVE,1
878,5224 S LOOMIS BLVD,1
877,5640 S BLACKSTONE AVE,1
876,3838 W JACKSON BLVD,1
875,5611 S SEELEY AVE,1
847,6544 S WINCHESTER AVE,1
848,7941 S UNION AVE,1
849,6227 S PAULINA ST,1
850,4340 W 47TH ST,1
851,5548 W NORTH AVE,1
852,5630 S CARPENTER ST,1
853,9236 S UNIVERSITY AVE,1
854,6044 S YALE AVE,1
855,9118 S ASHLAND AVE,1
856,1026 N WALLER AVE,1
857,5555 S WHIPPLE ST,1
858,7338 S ROCKWELL ST,1
859,3644 S UNION AVE,1
860,5240 S HONORE ST,1
861,7519 S SANGAMON ST,1
863,4400 S WENTWORTH AVE,1
864,8208 S MANISTEE AVE,1
865,2316 E 98TH ST,1
866,7156 S VERNON AVE,1
867,6328 S MARSHFIELD AVE,1
868,11551 S STEWART AVE,1
871,5608 S HONORE ST,1
872,5010 S WESTERN AVE,1
873,3818 S EMERALD AVE,1
874,732 S KARLOV AVE,1
906,8755 S DAUPHIN AVE,1
907,7957 S AVALON AVE,1
908,5128 S LAFLIN ST,1
1,2032 E 87TH ST,1
951,7331 S CAMPBELL AVE,1
953,1342 N OAKLEY BLVD,1
955,2804 E 77TH PL,1
956,7636 S DAMEN AVE,1
957,22 E 120TH PL,1
958,2740 W 60TH ST,1
959,11024 S EBERHART AVE,1
960,7359 S EMERALD AVE,1
961,11648 S ST LOUIS AVE,1
962,5115 S ABERDEEN ST,1
963,11838 S STATE ST,1
964,903 W 122ND ST,1
965,8520 S MORGAN ST,1
966,8452 S BLACKSTONE AVE,1
967,7620 S ABERDEEN ST,1
968,8331 S BLACKSTONE AVE,1
970,818 N LAWLER AVE,1
971,2107 W 52ND ST,1
972,5617 S LOOMIS BLVD,1
975,10542 S WENTWORTH AVE,1
976,113 E 83RD ST,1
978,4525 S HERMITAGE AVE,1
979,5209 S MORGAN ST,1
981,5422 S KOSTNER AVE,1
982,10736 S EDBROOKE AVE,1
949,3308 S SEELEY AVE,1
947,7512 S COLES AVE,1
909,6568 S JUSTINE ST,1
946,9660 S OGLESBY AVE,1
910,2335 N HALSTED ST,1
911,11949 S YALE AVE,1
912,11247 S EGGLESTON AVE,1
913,904 E 76TH ST,1
914,5148 S LOWE AVE,1
915,7516 S ST LAWRENCE AVE,1
916,7539 S ST LAWRENCE AVE,1
917,9028 S BALTIMORE AVE,1
918,3456 W 64TH ST,1
920,5159 S WOOD ST,1
921,6519 S JUSTINE ST,1
924,6928 S KIMBARK AVE,1
925,3745 W 61ST PL,1
926,6226 S HERMITAGE AVE,1
927,6327 S ELIZABETH ST,1
928,5410 W CRYSTAL ST,1
929,5817 S CARPENTER ST,1
930,5427 S BISHOP ST,1
931,6242 S HERMITAGE AVE,1
933,7326 S ALBANY AVE,1
934,5610 S WOOD ST,1
936,5225 W FERDINAND ST,1
938,5429 S MARSHFIELD AVE,1
939,6010 S TROY ST,1
944,4334 S HERMITAGE AVE,1
846,7603 S CARPENTER ST,1
845,7945 S UNION AVE,1
843,632 S KEDVALE AVE,1
749,2264 W 111TH PL,1
751,5837 S MORGAN ST,1
752,12106 S WALLACE ST,1
753,10204 S WENTWORTH AVE,1
754,54 W 114TH PL,1
755,11651 S HARVARD AVE,1
756,6341 S WESTERN AVE,1
757,8522 S MORGAN ST,1
758,6123 S SANGAMON ST,1
759,1230 N PARKSIDE AVE,1
760,725 E 104TH PL,1
761,10649 S WENTWORTH AVE,1
762,645 W 37TH ST,1
763,849 E 78TH ST,1
764,11827 S ASHLAND AVE,1
765,8524 S PAULINA ST,1
766,11246 S STEWART AVE,1
767,11831 S ASHLAND AVE,1
768,7955 S FAIRFIELD AVE,1
769,2442 W 48TH ST,1
770,816 E 90TH PL,1
772,3218 W 83RD PL,1
773,9234 S DOBSON AVE,1
774,749 E 103RD PL,1
775,8812 S HOUSTON AVE,1
776,2709 W 37TH PL,1
750,4950 S RACINE AVE,1
748,324 W 109TH ST,1
778,10237 S YALE AVE,1
747,10428 S SANGAMON ST,1
720,1039 N LOREL AVE,1
721,6004 S FAIRFIELD AVE,1
722,12230 S ABERDEEN ST,1
723,1029 W 103RD PL,1
724,7842 S COLFAX AVE,1
726,733 E 134TH PL,1
727,6004 S ABERDEEN ST,1
729,4434 W MONROE ST,1
730,8005 S DR MARTIN LUTHER KING JR DR,1
731,12221 S PEORIA ST,1
732,4409 S NORMAL AVE,1
733,7848 S KIMBARK AVE,1
734,434 W 102ND PL,1
735,1446 N MILWAUKEE AVE,1
736,131 E 103RD PL,1
737,2845 W 51ST ST,1
738,7933 S DANTE AVE,1
739,6620 S RHODES AVE,1
740,8705 S EMERALD AVE,1
741,3709 W PIPPIN ST,1
742,6742 S DORCHESTER AVE,1
743,339 W 110TH ST,1
744,3723 W CHICAGO AVE,1
745,6925 S ASHLAND AVE,1
746,515 W 62ND ST,1
777,7740 S CRANDON AVE,1
779,4354 W MAYPOLE AVE,1
842,1736 N WINCHESTER AVE,1
815,9137 S PLEASANT AVE,1
817,518 E 88TH PL,1
818,7622 S HOYNE AVE,1
819,6615 S MARYLAND AVE,1
820,3759 W 58TH ST,1
821,2621 W 99TH ST,1
822,8748 S UNION AVE,1
823,8841 S EBERHART AVE,1
824,6650 S JUSTINE ST,1
825,5524 S INDIANA AVE,1
826,9955 S WINSTON AVE,1
827,5221 S EMERALD AVE,1
828,12604 S UNION AVE,1
829,9301 S LA SALLE ST,1
830,1706 N LOCKWOOD AVE,1
831,4030 W KAMERLING AVE,1
832,3322 N HARDING AVE,1
833,8931 S ABERDEEN ST,1
834,2834 W WARREN BLVD,1
835,131 E 104TH PL,1
836,5518 S HONORE ST,1
837,7603 S MORGAN ST,1
838,3128 W 55TH ST,1
839,2450 W MARQUETTE RD,1
840,2848 W FILLMORE ST,1
841,5105 S STATE ST,1
816,7618 S HOYNE AVE,1
814,6420 S CAMPBELL AVE,1
780,413 W 116TH ST,1
813,3110 W IRVING PARK RD,1
782,11400 S CHURCH ST,1
783,3028 N LOTUS AVE,1
784,721 E 46TH ST,1
785,5827 S MICHIGAN AVE,1
786,9115 S MACKINAW AVE,1
787,3716 W DOUGLAS BLVD,1
788,10245 S STATE ST,1
789,11911 S HALSTED ST,1
791,313 W 111TH ST,1
792,2420 W CERMAK RD,1
795,4732 S EVANS AVE,1
796,8459 S BURLEY AVE,1
797,6802 S CARPENTER ST,1
798,1646 S HOMAN AVE,1
799,4840 S DORCHESTER AVE,1
800,1827 S KEDZIE AVE,1
801,3022 N LOTUS AVE,1
802,1235 E 46TH ST,1
803,7828 S MARQUETTE AVE,1
804,6645 S WINCHESTER AVE,1
807,4839 W QUINCY ST,1
808,7628 S HOYNE AVE,1
810,308 W 60TH ST,1
811,7935 S ESCANABA AVE,1
812,1933 S TRUMBULL AVE,1
464,7004 S WINCHESTER AVE,1
463,319 N AVERS AVE,1
462,424 W 79TH ST,1
123,5530 S BLACKSTONE AVE,1
111,7718 S ESSEX AVE,1
112,6527 S CARPENTER ST,1
113,8305 S BLACKSTONE AVE,1
114,5616 S HERMITAGE AVE,1
115,849 W 50TH PL,1
116,2133 W 75TH PL,1
117,13039 S BALTIMORE AVE,1
118,3113 E CHELTENHAM PL,1
119,3123 W AUGUSTA BLVD,1
120,2993 S LYMAN ST,1
121,9805 S VANDERPOEL AVE,1
122,5808 S LOOMIS BLVD,1
124,6511 S JUSTINE ST,1
205,7028 S CARPENTER ST,1
125,5231 S EMERALD AVE,1
127,912 N KEDVALE AVE,1
128,12015 S STATE ST,1
129,6518 S PAULINA ST,1
130,125 W 110TH ST,1
131,649 E MARQUETTE RD,1
133,5326 S JUSTINE ST,1
134,10722 S VERNON AVE,1
135,6200 S WESTERN AVE,1
137,3841 W MONROE ST,1
138,553 N LAWLER AVE,1
139,5118 W WINNEMAC AVE,1
110,6339 S ELIZABETH ST,1
109,5815 S SACRAMENTO AVE,1
108,7538 S MARSHFIELD AVE,1
107,5755 S UNION AVE,1
81,6822 S PARNELL AVE,1
82,922 N PULASKI RD,1
83,11718 S PERRY AVE,1
84,7927 S GREENWOOD AVE,1
85,214 W 111TH PL,1
86,6814 S PARNELL AVE,1
87,922 N LAWNDALE AVE,1
88,7214 S ASHLAND AVE,1
89,1404 S KOMENSKY AVE,1
90,712 E 75TH ST,1
91,12250 S GREEN ST,1
92,4202 W 25TH ST,1
93,6730 S MAPLEWOOD AVE,1
94,9026 S YATES BLVD,1
96,7216 S MAY ST,1
97,12334 S LOWE AVE,1
98,956 N PULASKI RD,1
99,6351 S HERMITAGE AVE,1
100,6010 S LOOMIS BLVD,1
101,5600 S ASHLAND AVE,1
102,108 N MENARD AVE,1
103,629 N LOCKWOOD AVE,1
104,207 N PARKSIDE AVE,1
105,5757 S UNION AVE,1
106,7735 S ABERDEEN ST,1
140,7004 S WOLCOTT AVE,1
141,9132 S LA SALLE ST,1
142,4910 S PAULINA ST,1
173,3909 N NEW ENGLAND AVE,1
175,4028 W VAN BUREN ST,1
176,4457 S ARCHER AVE,1
177,5735 S EMERALD AVE,1
178,2010 W 71ST ST,1
180,226 W 105TH ST,1
182,10412 S EMERALD AVE,1
183,1413 W 79TH ST,1
184,1215 W 111TH ST,1
185,4229 W WILCOX ST,1
186,5727 S PEORIA ST,1
187,1646 E 85TH ST,1
188,7335 S MERRILL AVE,1
189,5517 W RICE ST,1
190,13346 S RIVERDALE AVE,1
191,8238 S EAST END AVE,1
193,3759 S PARNELL AVE,1
194,11428 S YALE AVE,1
195,1221 W 107TH PL,1
196,5943 S WOOD ST,1
197,1219 W 107TH PL,1
198,8533 S SAGINAW AVE,1
199,115 E 71ST ST,1
200,7041 S GREEN ST,1
201,506 N MONTICELLO AVE,1
202,6753 S PRAIRIE AVE,1
174,5351 S CARPENTER ST,1
172,5017 S MAY ST,1
143,7425 S KENWOOD AVE,1
171,11356 S CARPENTER ST,1
144,6658 S JUSTINE ST,1
145,8104 S EXCHANGE AVE,1
146,234 W ROOT ST,1
147,6538 S JUSTINE ST,1
148,10655 S AVENUE L nan,1
149,5741 S SEELEY AVE,1
151,6017 S PAULINA ST,1
152,8400 S ESCANABA AVE,1
153,10058 S OGLESBY AVE,1
154,7832 S WINCHESTER AVE,1
156,8548 S EXCHANGE AVE,1
157,9516 S WENTWORTH AVE,1
158,1313 E 75TH ST,1
159,7431 S KENWOOD AVE,1
160,3520 W BELDEN AVE,1
161,9334 S CRANDON AVE,1
162,2735 W FLOURNOY ST,1
163,9528 S WENTWORTH AVE,1
164,7748 S MERRILL AVE,1
165,11535 S VINCENNES AVE,1
166,935 E 50TH ST,1
167,4948 S LAFLIN ST,1
168,4908 N MILWAUKEE AVE,1
169,9526 S WENTWORTH AVE,1
170,5700 S JUSTINE ST,1
80,6813 S PARNELL AVE,1
79,7200 S MAY ST,1
77,7947 S MARYLAND AVE,1
985,7801 S ASHLAND AVE,1
987,2807 W 71ST ST,1
988,3959 N SACRAMENTO AVE,1
989,4850 S WESTERN AVE,1
990,529 N WELLS ST,1
991,4430 S MOZART ST,1
992,3625 W NORTH AVE,1
993,1500 N PAULINA ST,1
994,2932 W HOLLYWOOD AVE,1
995,2037 N DAMEN AVE,1
996,3149 N WESTERN AVE,1
998,3824 N CENTRAL AVE,1
999,1427 W 16TH ST,1
0,6739 S ST LAWRENCE AVE,1
1,11242 S ST LOUIS AVE,1
2,7327 S PAXTON AVE,1
3,9148 S DREXEL AVE,1
4,7520 S DORCHESTER AVE,1
5,11819 S LAFAYETTE AVE,1
6,950 N PULASKI RD,1
7,9330 S RHODES AVE,1
9,6500 N MILWAUKEE AVE,1
10,7118 S MICHIGAN AVE,1
11,11703 S THROOP ST,1
12,826 N LOCKWOOD AVE,1
13,9801 S AVENUE L nan,1
986,3678 N CENTRAL PARK AVE,1
984,3917 W 51ST ST,1
15,4200 W KAMERLING AVE,1
983,3700 S WINCHESTER AVE,1
957,1030 N ASHLAND AVE,1
958,2358 W DEVON AVE,1
959,1659 W DIVERSEY PKWY,1
960,3041 W SUNNYSIDE AVE,1
961,1918 S ASHLAND AVE,1
962,3000 S KEDVALE AVE,1
963,4951 S DAMEN AVE,1
964,5238 S ARCHER AVE,1
965,4856 N ALBANY AVE,1
966,717 N MICHIGAN AVE,1
967,4153 S ARCHER AVE,1
968,300 N HOYNE AVE,1
969,1909 N MILWAUKEE AVE,1
971,3958 S WESTERN AVE,1
972,1229 N ASHLAND AVE,1
973,5135 N LEAVITT ST,1
974,3044 W FULLERTON AVE,1
975,4613 S WASHTENAW AVE,1
976,3055 N FRANCISCO AVE,1
977,4704 N SPAULDING AVE,1
978,734 W BELDEN AVE,1
979,1340 N MILWAUKEE AVE,1
980,1811 W ERIE ST,1
981,1849 W 79TH ST,1
982,2316 N LINCOLN AVE,1
14,8626 S THROOP ST,1
17,531 E 87TH ST,1
76,255 W 111TH ST,1
47,3053 N HONORE ST,1
49,4202 S VINCENNES AVE,1
51,9802 S VAN VLISSINGEN RD,1
52,9624 S MERRILL AVE,1
53,8617 S THROOP ST,1
55,7941 S SAGINAW AVE,1
56,9737 S VAN VLISSINGEN RD,1
57,4454 W BELMONT AVE,1
58,5736 N MELVINA AVE,1
59,8730 S BALTIMORE AVE,1
60,11759 S HALSTED ST,1
61,10000 S ST LAWRENCE AVE,1
62,9901 S EWING AVE,1
63,13735 S LEYDEN AVE,1
64,10918 S INDIANA AVE,1
65,124 E 50TH ST,1
66,13248 S CARONDOLET AVE,1
67,6411 S BISHOP ST,1
68,8740 S EXCHANGE AVE,1
69,838 N KEYSTONE AVE,1
70,3122 W 41ST PL,1
71,3119 W 41ST PL,1
72,1517 W 77TH ST,1
73,4158 S WENTWORTH AVE,1
74,8152 S HERMITAGE AVE,1
75,4920 W HUBBARD ST,1
48,8014 S UNION AVE,1
46,3856 W GRENSHAW ST,1
18,9556 S BENNETT AVE,1
45,10757 S CHAMPLAIN AVE,1
19,11806 S LOWE AVE,1
20,6721 S JUSTINE ST,1
21,10814 S HOXIE AVE,1
22,11823 S LOWE AVE,1
23,9945 S HOXIE AVE,1
24,7601 S HAMILTON AVE,1
25,6514 S CHAMPLAIN AVE,1
26,9610 S LUELLA AVE,1
27,2121 W 19TH ST,1
28,11240 S ST LOUIS AVE,1
29,8812 S EXCHANGE AVE,1
30,2438 W 48TH ST,1
31,10741 S COTTAGE GROVE AVE,1
32,10822 S INDIANA AVE,1
33,7057 N RAVENSWOOD AVE,1
34,6934 S HARVARD AVE,1
35,4410 N PULASKI RD,1
36,11726 S VINCENNES AVE,1
38,6216 S VERNON AVE,1
39,6514 S SANGAMON ST,1
40,2819 W JACKSON BLVD,1
41,2112 W GARFIELD BLVD,1
42,6640 W HIGGINS AVE,1
43,11536 S LA SALLE ST,1
44,2914 E 87TH ST,1
204,7333 S LAFAYETTE AVE,1
206,5757 S ASHLAND AVE,1
461,7543 N ROCKWELL ST,1
382,7943 S JUSTINE ST,1
370,1217 W WELLINGTON AVE,1
371,10360 S INDIANA AVE,1
372,7919 S ESSEX AVE,1
373,9343 S UNIVERSITY AVE,1
374,4454 W WEST END AVE,1
375,8224 S EMERALD AVE,1
376,732 W 82ND ST,1
377,6230 S RHODES AVE,1
378,8748 S JUSTINE ST,1
379,6653 S CHAMPLAIN AVE,1
380,7245 S COLES AVE,1
381,737 E 40TH ST,1
383,4550 W PARKER AVE,1
207,9142 S AVALON AVE,1
384,7257 S COLES AVE,1
385,942 W 116TH PL,1
386,10201 S STATE ST,1
387,3217 N OCTAVIA AVE,1
388,7251 S COLES AVE,1
389,6738 S ROCKWELL ST,1
391,9610 S PARNELL AVE,1
392,5661 N GLENWOOD AVE,1
393,6547 S CLAREMONT AVE,1
394,4341 W MAYPOLE AVE,1
395,6617 S WOLCOTT AVE,1
396,5610 S OAKLEY AVE,1
368,9345 S UNIVERSITY AVE,1
366,8103 S DAMEN AVE,1
365,9949 S YATES AVE,1
364,1146 W 112TH ST,1
337,7917 S MARYLAND AVE,1
338,731 E 103RD PL,1
339,8035 S AVALON AVE,1
340,1318 W 110TH PL,1
341,5121 S UNION AVE,1
342,5347 S RACINE AVE,1
343,634 N LOCKWOOD AVE,1
344,7628 S PEORIA ST,1
345,6353 S LAFLIN ST,1
347,648 W 62ND ST,1
348,8043 S KIMBARK AVE,1
349,8218 S HERMITAGE AVE,1
350,4516 S DR MARTIN LUTHER KING JR DR,1
351,741 E 105TH PL,1
352,7114 S LAFAYETTE AVE,1
353,10709 S FOREST AVE,1
355,2727 N AUSTIN AVE,1
356,7845 S KINGSTON AVE,1
357,10551 S EDBROOKE AVE,1
358,3541 N OLEANDER AVE,1
359,9951 S YATES AVE,1
360,7521 S ST LAWRENCE AVE,1
361,6448 S JUSTINE ST,1
362,3239 W 23RD ST,1
363,10645 S AVENUE O nan,1
397,8000 S INGLESIDE AVE,1
398,5757 S HERMITAGE AVE,1
399,625 N SPRINGFIELD AVE,1
430,12020 S LA SALLE ST,1
432,11842 S PRAIRIE AVE,1
433,12023 S YALE AVE,1
434,4051 W POTOMAC AVE,1
435,2646 W LITHUANIAN PLAZA CT,1
437,6916 S EGGLESTON AVE,1
438,117 N LONG AVE,1
439,6308 N CENTRAL AVE,1
440,7634 S CREGIER AVE,1
441,9918 S WINCHESTER AVE,1
443,630 S KEELER AVE,1
444,732 N SPRINGFIELD AVE,1
445,5813 S CARPENTER ST,1
446,11528 S NORMAL AVE,1
447,4718 S SHIELDS AVE,1
448,2139 S MILLARD AVE,1
449,5518 W RICE ST,1
450,10632 S MAY ST,1
451,6651 S MICHIGAN AVE,1
452,6535 S JUSTINE ST,1
454,11819 S PERRY AVE,1
455,5612 S LAFAYETTE AVE,1
457,264 W 105TH PL,1
458,5624 S LAFAYETTE AVE,1
459,10637 S MAY ST,1
460,619 E 60TH ST,1
431,2148 E 98TH ST,1
429,739 E 105TH ST,1
400,9148 S PHILLIPS AVE,1
428,9335 S HARPER AVE,1
402,6022 S LOOMIS BLVD,1
403,1557 E 93RD ST,1
404,8424 S GILBERT CT,1
405,8028 S EVANS AVE,1
406,7934 S BISHOP ST,1
407,6300 S MAPLEWOOD AVE,1
408,4059 W CRYSTAL ST,1
409,1513 E 93RD ST,1
410,11206 S LANGLEY AVE,1
411,1534 S KOMENSKY AVE,1
412,10235 S CARPENTER ST,1
413,4048 W LEXINGTON ST,1
414,1721 N MILWAUKEE AVE,1
415,9242 S INDIANA AVE,1
416,2200 W JACKSON BLVD,1
417,5514 W CORTLAND ST,1
418,7900 S BISHOP ST,1
420,8105 S DAMEN AVE,1
421,1521 N LAWLER AVE,1
422,6235 S BISHOP ST,1
423,9325 S HARPER AVE,1
424,2333 N WESTERN AVE,1
425,917 N MENARD AVE,1
426,6607 S MINERVA AVE,1
427,9801 S CLYDE AVE,1
336,5614 W BYRON ST,1
335,1149 N KEYSTONE AVE,1
334,5116 S WOOD ST,1
238,11024 S EDBROOKE AVE,1
240,8850 S LONGWOOD DR,1
241,1128 W 111TH PL,1
242,7302 S LANGLEY AVE,1
243,8713 S EXCHANGE AVE,1
244,2135 N LAPORTE AVE,1
245,7840 S EMERALD AVE,1
246,5835 W 63RD PL,1
247,2956 N OAK PARK AVE,1
248,4817 W JACKSON BLVD,1
249,2737 S KOMENSKY AVE,1
250,29 N LOTUS AVE,1
251,2136 W BELMONT AVE,1
252,4821 W JACKSON BLVD,1
253,5648 S DAMEN AVE,1
255,5535 S JUSTINE ST,1
256,5730 S SANGAMON ST,1
257,141 W 111TH ST,1
258,713 N LOCKWOOD AVE,1
259,6320 S WOLCOTT AVE,1
260,10756 S GREEN BAY AVE,1
261,8732 S THROOP ST,1
262,9514 S INDIANA AVE,1
264,1505 N LUNA AVE,1
265,4352 N KEYSTONE AVE,1
266,7649 S PAXTON AVE,1
239,7823 S EMERALD AVE,1
237,7939 S ESCANABA AVE,1
268,8814 S HAMILTON AVE,1
236,9151 S RACINE AVE,1
208,4526 S CALUMET AVE,1
209,7252 S EMERALD AVE,1
210,7741 S PAULINA ST,1
211,8740 S ESCANABA AVE,1
212,8439 S GILBERT CT,1
214,13513 S BURLEY AVE,1
215,6441 S EBERHART AVE,1
216,11543 S LOOMIS ST,1
217,750 W MONTROSE AVE,1
218,6413 S EBERHART AVE,1
219,6439 S EBERHART AVE,1
220,5434 S SEELEY AVE,1
221,6437 S EBERHART AVE,1
222,6425 S HONORE ST,1
223,11544 S ADA ST,1
224,30 E 123RD ST,1
225,6401 S EBERHART AVE,1
228,7525 S ST LAWRENCE AVE,1
229,7843 S MICHIGAN AVE,1
230,8744 S EXCHANGE AVE,1
231,1359 E 48TH ST,1
232,1506 W 115TH ST,1
233,9419 S BURNSIDE AVE,1
234,7842 S EMERALD AVE,1
235,7844 S EMERALD AVE,1
267,3901 N BROADWAY nan,1
269,5155 S EMERALD AVE,1
333,11758 S MORGAN ST,1
305,7607 S ABERDEEN ST,1
307,951 N CENTRAL PARK AVE,1
308,1421 W 69TH ST,1
309,4845 W SUPERIOR ST,1
310,916 W 50TH PL,1
311,7247 S EBERHART AVE,1
313,7031 S VERNON AVE,1
314,7840 S LAFLIN ST,1
315,9830 S AVENUE L nan,1
316,2129 W 71ST PL,1
317,122 N KILBOURN AVE,1
318,5858 S COTTAGE GROVE AVE,1
319,6423 S HONORE ST,1
320,5844 S PRAIRIE AVE,1
321,7955 S UNION AVE,1
322,444 W 111TH ST,1
323,3453 N HOYNE AVE,1
324,7953 S UNION AVE,1
325,738 E 103RD PL,1
326,6027 S ABERDEEN ST,1
327,329 W 105TH PL,1
328,4526 N DOVER ST,1
329,1744 N SAYRE AVE,1
330,5616 W BYRON ST,1
331,6837 S TALMAN AVE,1
332,1444 W 99TH ST,1
306,7949 S THROOP ST,1
304,7623 S LOWE AVE,1
271,6131 S ARTESIAN AVE,1
303,907 W 65TH ST,1
272,8018 S AVALON AVE,1
273,1941 W ROSCOE ST,1
274,11000 S MICHIGAN AVE,1
275,1434 W 72ND PL,1
276,4903 W WALTON ST,1
278,5643 S RACINE AVE,1
279,9622 S HALSTED ST,1
281,8917 S NORMAL AVE,1
282,6220 S PAULINA ST,1
283,7342 S UNIVERSITY AVE,1
284,1410 W 113TH PL,1
285,6833 S MARSHFIELD AVE,1
287,9016 S JEFFERY BLVD,1
289,4152 S WENTWORTH AVE,1
291,7914 S SACRAMENTO AVE,1
292,8233 S HOUSTON AVE,1
293,1136 N FRANCISCO AVE,1
294,7447 S EMERALD AVE,1
295,704 E 91ST PL,1
296,5330 S BISHOP ST,1
297,5535 N CHRISTIANA AVE,1
298,226 W 104TH PL,1
299,26 N THROOP ST,1
301,5622 S EMERALD AVE,1
302,7316 S CLAREMONT AVE,1
998,432 W ROOT ST,1
